Date,Store,Status,Error
08/03/2026,2006,success,
08/03/2026,2016,success,
08/03/2026,2017,success,
08/03/2026,2020,success,
08/03/2026,2023,success,
08/03/2026,2024,success,
08/03/2026,2047,success,
08/03/2026,4003,success,
08/03/2026,4004,success,
08/03/2026,4005,success,
08/03/2026,4008,success,
08/03/2026,4009,success,
08/03/2026,4010,success,
08/03/2026,4015,success,
08/03/2026,4021,success,
08/03/2026,4025,success,
08/03/2026,4027,success,
08/03/2026,4034,success,
08/03/2026,4036,success,
08/03/2026,4042,success,
08/03/2026,4052,success,
08/03/2026,4061,success,
08/03/2026,4074,success,
08/03/2026,5042,success,
08/03/2026,5043,success,
08/03/2026,5049,success,
08/03/2026,5051,success,
08/03/2026,5057,success,
08/03/2026,5059,success,
08/03/2026,5062,success,
08/03/2026,5101,success,
08/03/2026,5112,success,
08/03/2026,5127,success,
08/03/2026,6021,success,
08/03/2026,6026,success,
08/03/2026,6032,success,
08/03/2026,6037,success,
08/03/2026,6039,success,
08/03/2026,6044,success,
08/03/2026,6065,success,
08/03/2026,6067,success,
08/03/2026,6072,success,
08/03/2026,6074,success,
08/03/2026,6076,success,
08/03/2026,6083,success,
08/03/2026,6088,success,
08/03/2026,6093,success,
08/03/2026,6094,success,
08/03/2026,6102,success,
08/03/2026,7024,success,
08/03/2026,7032,success,
08/03/2026,7039,success,
08/03/2026,7049,success,
08/03/2026,7066,success,
08/03/2026,13026,success,
08/03/2026,13062,success,
08/03/2026,13082,success,
08/03/2026,13106,success,
08/03/2026,13116,success,
08/03/2026,13138,success,
08/03/2026,13148,success,
08/03/2026,13160,success,
08/03/2026,13162,success,
08/03/2026,13219,success,
08/03/2026,37001,success,
08/03/2026,37002,success,
08/03/2026,37004,success,
08/03/2026,37006,success,
08/03/2026,37007,success,
08/03/2026,37009,success,
08/03/2026,37010,success,
08/03/2026,37013,success,
08/03/2026,37014,success,
08/03/2026,37016,success,
08/03/2026,37020,success,
08/03/2026,49001,success,
08/03/2026,49002,success,
08/03/2026,49003,success,
08/03/2026,49004,success,
08/03/2026,49005,success,
08/03/2026,49006,success,
08/03/2026,49007,success,
08/03/2026,49008,success,
08/03/2026,49009,success,
08/03/2026,49010,success,
08/03/2026,49011,success,
