Date,Class,Transaction Category,Debit,Credit
08/03/2026,2006,Subject to Tax,,257.87
08/03/2026,2006,Non-Taxable Sales,,3505.37
08/03/2026,2006,3rd Party Tax Exempt,,21.6
08/03/2026,2006,Register Audit,254,
08/03/2026,2006,Sales Tax,,18.45
08/03/2026,2006,In-Store Credit Card,1956.73,
08/03/2026,2006,Payout,46.98,
08/03/2026,2006,Online Credit card,758.79,
08/03/2026,2006,Online Gift Card,20,
08/03/2026,2006,Online Credit Card Tips,,26.1
08/03/2026,2006,In-Store Credit Card Tips,,102.63
08/03/2026,2006,Online Gift Card Tips,,2
08/03/2026,2006,Gift Card,58.2,
08/03/2026,2006,3rd Party - DoorDash,563.23,
08/03/2026,2006,3rd Party - GrubHub,21.12,
08/03/2026,2006,3rd Party - UberEats,255.21,
08/03/2026,2006,Cash Over/Short Adjustment,,0.24
08/03/2026,2016,Subject to Tax,,109.8
08/03/2026,2016,Non-Taxable Sales,,3207.29
08/03/2026,2016,3rd Party Tax Exempt,,14.88
08/03/2026,2016,Sales Tax,,7.42
08/03/2026,2016,In-Store Credit Card,1651.8,
08/03/2026,2016,Online Credit card,880.52,
08/03/2026,2016,Online Credit Card Tips,,16
08/03/2026,2016,In-Store Credit Card Tips,,100.87
08/03/2026,2016,Gift Card,77.48,
08/03/2026,2016,3rd Party - DoorDash,264.73,
08/03/2026,2016,3rd Party - GrubHub,33.72,
08/03/2026,2016,3rd Party - UberEats,21.12,
08/03/2026,2016,Cash Over/Short Adjustment,0.89,
08/03/2026,2016,Register Audit Adjustment,526,
08/03/2026,2017,Subject to Tax,,174.19
08/03/2026,2017,Non-Taxable Sales,,3338.59
08/03/2026,2017,3rd Party Tax Exempt,,22.2
08/03/2026,2017,Register Audit,72,
08/03/2026,2017,Sales Tax,,12.08
08/03/2026,2017,In-Store Credit Card,1912.49,
08/03/2026,2017,Payout,40,
08/03/2026,2017,Online Credit card,1039.17,
08/03/2026,2017,Online Credit Card Tips,,28
08/03/2026,2017,In-Store Credit Card Tips,,141.43
08/03/2026,2017,3rd Party - DoorDash,530.38,
08/03/2026,2017,3rd Party - GrubHub,12.84,
08/03/2026,2017,3rd Party - UberEats,110.44,
08/03/2026,2017,Cash Over/Short Adjustment,,0.83
08/03/2026,2020,Subject to Tax,,355.49
08/03/2026,2020,Non-Taxable Sales,,2551.57
08/03/2026,2020,3rd Party Tax Exempt,,11.4
08/03/2026,2020,Register Audit,502,
08/03/2026,2020,Sales Tax,,25.47
08/03/2026,2020,In-Store Credit Card,1304.29,
08/03/2026,2020,Online Credit card,701.23,
08/03/2026,2020,Online Gift Card,10.45,
08/03/2026,2020,Online Credit Card Tips,,24
08/03/2026,2020,In-Store Credit Card Tips,,89.93
08/03/2026,2020,Gift Card,29.45,
08/03/2026,2020,3rd Party - DoorDash,410.6,
08/03/2026,2020,3rd Party - GrubHub,60.12,
08/03/2026,2020,3rd Party - UberEats,39.24,
08/03/2026,2020,Cash Over/Short Adjustment,0.48,
08/03/2026,2023,Subject to Tax,,150.3
08/03/2026,2023,Non-Taxable Sales,,3675.38
08/03/2026,2023,3rd Party Tax Exempt,,25.68
08/03/2026,2023,Register Audit,171,
08/03/2026,2023,Sales Tax,,10.78
08/03/2026,2023,In-Store Credit Card,1757.86,
08/03/2026,2023,Online Credit card,1165.12,
08/03/2026,2023,Online Gift Card,18,
08/03/2026,2023,Online Credit Card Tips,,47
08/03/2026,2023,In-Store Credit Card Tips,,117.4
08/03/2026,2023,Gift Card,52.85,
08/03/2026,2023,3rd Party - DoorDash,615.89,
08/03/2026,2023,3rd Party - UberEats,245.77,
08/03/2026,2023,Cash Over/Short Adjustment,0.05,
08/03/2026,2024,Subject to Tax,,140.14
08/03/2026,2024,Non-Taxable Sales,,3272.16
08/03/2026,2024,3rd Party Tax Exempt,,25.3
08/03/2026,2024,Register Audit,95.4,
08/03/2026,2024,Sales Tax,,11.27
08/03/2026,2024,In-Store Credit Card,1761.22,
08/03/2026,2024,Online Credit card,1122.76,
08/03/2026,2024,Online Gift Card,28.7,
08/03/2026,2024,Online Credit Card Tips,,23.2
08/03/2026,2024,In-Store Credit Card Tips,,118.87
08/03/2026,2024,Online Gift Card Tips,,1.15
08/03/2026,2024,Gift Card,89.54,
08/03/2026,2024,3rd Party - DoorDash,332.32,
08/03/2026,2024,3rd Party - UberEats,162.15,
08/03/2026,2047,Subject to Tax,,198.42
08/03/2026,2047,Non-Taxable Sales,,2894.51
08/03/2026,2047,3rd Party Tax Exempt,,10.78
08/03/2026,2047,Register Audit,206,
08/03/2026,2047,Sales Tax,,13.42
08/03/2026,2047,In-Store Credit Card,1430.38,
08/03/2026,2047,Payout,7.55,
08/03/2026,2047,Online Credit card,909.28,
08/03/2026,2047,Online Credit Card Tips,,16
08/03/2026,2047,In-Store Credit Card Tips,,63.57
08/03/2026,2047,Gift Card,24,
08/03/2026,2047,3rd Party - DoorDash,619.81,
08/03/2026,2047,Cash Over/Short Adjustment,,0.32
08/03/2026,4003,Subject to Tax,,4471.28
08/03/2026,4003,Register Audit,428,
08/03/2026,4003,Sales Tax,,435.9
08/03/2026,4003,In-Store Credit Card,2492.51,
08/03/2026,4003,Online Credit card,1301.62,
08/03/2026,4003,Online Credit Card Tips,,58.76
08/03/2026,4003,In-Store Credit Card Tips,,162.47
08/03/2026,4003,Gift Card,38.94,
08/03/2026,4003,3rd Party - DoorDash,636.92,
08/03/2026,4003,3rd Party - UberEats,230.11,
08/03/2026,4003,Cash Over/Short Adjustment,0.31,
08/03/2026,4004,Subject to Tax,,4165.82
08/03/2026,4004,Register Audit,110,
08/03/2026,4004,Sales Tax,,406.15
08/03/2026,4004,In-Store Credit Card,2016.03,
08/03/2026,4004,Online Credit card,1363.65,
08/03/2026,4004,Online Credit Card Tips,,35
08/03/2026,4004,In-Store Credit Card Tips,,118.75
08/03/2026,4004,Gift Card,46.7,
08/03/2026,4004,3rd Party - DoorDash,555,
08/03/2026,4004,3rd Party - UberEats,631.85,
08/03/2026,4004,Cash Over/Short Adjustment,0.49,
08/03/2026,4004,Register Audit Adjustment,2,
08/03/2026,4005,Subject to Tax,,3672.78
08/03/2026,4005,Register Audit,432,
08/03/2026,4005,Sales Tax,,358.11
08/03/2026,4005,In-Store Credit Card,2843.63,
08/03/2026,4005,Online Credit card,473.23,
08/03/2026,4005,In-Store Credit Card Tips,,238.86
08/03/2026,4005,Gift Card,52.13,
08/03/2026,4005,3rd Party - DoorDash,249.18,
08/03/2026,4005,3rd Party - UberEats,218.95,
08/03/2026,4005,Cash Over/Short Adjustment,0.63,
08/03/2026,4008,Subject to Tax,,2750.87
08/03/2026,4008,Register Audit,224,
08/03/2026,4008,Sales Tax,,268.21
08/03/2026,4008,In-Store Credit Card,1864.23,
08/03/2026,4008,Online Credit card,723.97,
08/03/2026,4008,Online Gift Card,8.63,
08/03/2026,4008,Online Credit Card Tips,,23.19
08/03/2026,4008,In-Store Credit Card Tips,,117.16
08/03/2026,4008,3rd Party - DoorDash,197.77,
08/03/2026,4008,3rd Party - UberEats,141,
08/03/2026,4008,Cash Over/Short Adjustment,,0.17
08/03/2026,4009,Subject to Tax,,2753.64
08/03/2026,4009,Register Audit,236,
08/03/2026,4009,Sales Tax,,268.45
08/03/2026,4009,In-Store Credit Card,1776.68,
08/03/2026,4009,Payout,22.37,
08/03/2026,4009,Online Credit card,605.51,
08/03/2026,4009,Online Credit Card Tips,,11
08/03/2026,4009,In-Store Credit Card Tips,,91.62
08/03/2026,4009,Gift Card,20.53,
08/03/2026,4009,3rd Party - DoorDash,326.85,
08/03/2026,4009,3rd Party - UberEats,148.48,
08/03/2026,4009,Cash Over/Short Adjustment,,0.2
08/03/2026,4010,Subject to Tax,,2610.07
08/03/2026,4010,Register Audit,238,
08/03/2026,4010,Sales Tax,,254.49
08/03/2026,4010,In-Store Credit Card,1646.58,
08/03/2026,4010,Payout,40,
08/03/2026,4010,Online Credit card,619.79,
08/03/2026,4010,In-Store Credit Card Tips,,120.28
08/03/2026,4010,3rd Party - DoorDash,163.53,
08/03/2026,4010,3rd Party - GrubHub,31.06,
08/03/2026,4010,3rd Party - UberEats,245.81,
08/03/2026,4010,Cash Over/Short Adjustment,0.07,
08/03/2026,4015,Subject to Tax,,3253.7
08/03/2026,4015,Register Audit,262,
08/03/2026,4015,Sales Tax,,317.22
08/03/2026,4015,In-Store Credit Card,1875.21,
08/03/2026,4015,Online Credit card,991.28,
08/03/2026,4015,Online Credit Card Tips,,24
08/03/2026,4015,In-Store Credit Card Tips,,137.49
08/03/2026,4015,3rd Party - DoorDash,456.16,
08/03/2026,4015,3rd Party - UberEats,148.05,
08/03/2026,4015,Cash Over/Short Adjustment,,0.29
08/03/2026,4021,Subject to Tax,,3987.48
08/03/2026,4021,Register Audit,317,
08/03/2026,4021,Sales Tax,,388.78
08/03/2026,4021,In-Store Credit Card,2318.07,
08/03/2026,4021,Online Credit card,1406.11,
08/03/2026,4021,Online Gift Card,28.7,
08/03/2026,4021,Online Credit Card Tips,,80.04
08/03/2026,4021,In-Store Credit Card Tips,,150.84
08/03/2026,4021,Gift Card,23.65,
08/03/2026,4021,3rd Party - DoorDash,196.48,
08/03/2026,4021,3rd Party - UberEats,316.57,
08/03/2026,4021,Cash Over/Short Adjustment,0.56,
08/03/2026,4025,Subject to Tax,,3234.51
08/03/2026,4025,Register Audit,203,
08/03/2026,4025,Sales Tax,,315.41
08/03/2026,4025,In-Store Credit Card,2001.02,
08/03/2026,4025,Online Credit card,745.84,
08/03/2026,4025,Online Credit Card Tips,,22.03
08/03/2026,4025,In-Store Credit Card Tips,,113.93
08/03/2026,4025,Gift Card,74.88,
08/03/2026,4025,3rd Party - DoorDash,451.95,
08/03/2026,4025,3rd Party - UberEats,209.71,
08/03/2026,4025,Cash Over/Short Adjustment,,0.52
08/03/2026,4027,Subject to Tax,,5008.2
08/03/2026,4027,Sales Tax,,488.24
08/03/2026,4027,In-Store Credit Card,2243.67,
08/03/2026,4027,Online Credit card,1714.3,
08/03/2026,4027,In-Store Credit Card Tips,,133.44
08/03/2026,4027,Gift Card,16.06,
08/03/2026,4027,3rd Party - DoorDash,762.45,
08/03/2026,4027,3rd Party - UberEats,569.05,
08/03/2026,4027,Cash Over/Short Adjustment,0.35,
08/03/2026,4027,Register Audit Adjustment,324,
08/03/2026,4034,Subject to Tax,,3631.47
08/03/2026,4034,Register Audit,478,
08/03/2026,4034,Sales Tax,,354.15
08/03/2026,4034,In-Store Credit Card,2327.67,
08/03/2026,4034,Online Credit card,629.21,
08/03/2026,4034,Online Credit Card Tips,,18
08/03/2026,4034,In-Store Credit Card Tips,,134.19
08/03/2026,4034,Gift Card,15.81,
08/03/2026,4034,3rd Party - DoorDash,309.19,
08/03/2026,4034,3rd Party - UberEats,378.03,
08/03/2026,4034,Cash Over/Short Adjustment,,0.1
08/03/2026,4036,Subject to Tax,,3838.77
08/03/2026,4036,Register Audit,420,
08/03/2026,4036,Sales Tax,,374.26
08/03/2026,4036,In-Store Credit Card,2082.4,
08/03/2026,4036,Online Credit card,1009.61,
08/03/2026,4036,Online Gift Card,13.83,
08/03/2026,4036,Online Credit Card Tips,,29
08/03/2026,4036,In-Store Credit Card Tips,,123.59
08/03/2026,4036,3rd Party - DoorDash,522.41,
08/03/2026,4036,3rd Party - UberEats,316.53,
08/03/2026,4036,Cash Over/Short Adjustment,0.84,
08/03/2026,4042,Subject to Tax,,4592.14
08/03/2026,4042,Sales Tax,,447.66
08/03/2026,4042,In-Store Credit Card,2320.69,
08/03/2026,4042,Online Credit card,1142.85,
08/03/2026,4042,Online Gift Card,19,
08/03/2026,4042,Online Credit Card Tips,,25
08/03/2026,4042,In-Store Credit Card Tips,,120.02
08/03/2026,4042,3rd Party - DoorDash,1091.89,
08/03/2026,4042,3rd Party - GrubHub,16.58,
08/03/2026,4042,3rd Party - UberEats,255.16,
08/03/2026,4042,Cash Over/Short Adjustment,0.65,
08/03/2026,4042,Register Audit Adjustment,338,
08/03/2026,4052,Subject to Tax,,5160.83
08/03/2026,4052,Register Audit,788,
08/03/2026,4052,Sales Tax,,503.14
08/03/2026,4052,In-Store Credit Card,2971.41,
08/03/2026,4052,Payout,18.87,
08/03/2026,4052,Online Credit card,1505.29,
08/03/2026,4052,Online Gift Card,13.74,
08/03/2026,4052,Online Credit Card Tips,,49.55
08/03/2026,4052,In-Store Credit Card Tips,,208.65
08/03/2026,4052,Online Gift Card Tips,,2
08/03/2026,4052,Gift Card,29.91,
08/03/2026,4052,3rd Party - DoorDash,549.07,
08/03/2026,4052,3rd Party - UberEats,48.59,
08/03/2026,4052,Cash Over/Short Adjustment,,0.71
08/03/2026,4061,Subject to Tax,,3268.85
08/03/2026,4061,Register Audit,177,
08/03/2026,4061,Sales Tax,,318.66
08/03/2026,4061,In-Store Credit Card,2155.98,
08/03/2026,4061,Online Credit card,795.46,
08/03/2026,4061,Online Credit Card Tips,,17
08/03/2026,4061,In-Store Credit Card Tips,,114.32
08/03/2026,4061,Gift Card,10,
08/03/2026,4061,3rd Party - DoorDash,318.23,
08/03/2026,4061,3rd Party - GrubHub,20.66,
08/03/2026,4061,3rd Party - UberEats,221.79,
08/03/2026,4061,Cash Over/Short Adjustment,,0.26
08/03/2026,4074,Subject to Tax,,2432.91
08/03/2026,4074,Register Audit,206,
08/03/2026,4074,Sales Tax,,237.19
08/03/2026,4074,In-Store Credit Card,1359.39,
08/03/2026,4074,Payout,19.52,
08/03/2026,4074,Online Credit card,774.59,
08/03/2026,4074,Online Credit Card Tips,,21
08/03/2026,4074,In-Store Credit Card Tips,,83.65
08/03/2026,4074,Gift Card,10,
08/03/2026,4074,3rd Party - DoorDash,260.73,
08/03/2026,4074,3rd Party - GrubHub,15.53,
08/03/2026,4074,3rd Party - UberEats,129.22,
08/03/2026,4074,Cash Over/Short Adjustment,,0.23
08/03/2026,5042,Subject to Tax,,2894.7
08/03/2026,5042,3rd Party Tax Exempt,,567.62
08/03/2026,5042,Register Audit,280,
08/03/2026,5042,Sales Tax,,200.11
08/03/2026,5042,In-Store Credit Card,1924.89,
08/03/2026,5042,Online Credit card,988.78,
08/03/2026,5042,Online Gift Card,11.45,
08/03/2026,5042,Online Credit Card Tips,,33
08/03/2026,5042,In-Store Credit Card Tips,,124.28
08/03/2026,5042,Gift Card,47.37,
08/03/2026,5042,3rd Party - DoorDash,267.8,
08/03/2026,5042,3rd Party - UberEats,299.82,
08/03/2026,5042,Cash Over/Short Adjustment,,0.4
08/03/2026,5043,Subject to Tax,,4399.45
08/03/2026,5043,Non-Taxable Sales,,11
08/03/2026,5043,3rd Party Tax Exempt,,1273.93
08/03/2026,5043,Register Audit,501,
08/03/2026,5043,Sales Tax,,302.32
08/03/2026,5043,In-Store Credit Card,3178.79,
08/03/2026,5043,Online Credit card,1237.76,
08/03/2026,5043,Online Gift Card,18.52,
08/03/2026,5043,Online Credit Card Tips,,51
08/03/2026,5043,In-Store Credit Card Tips,,172.59
08/03/2026,5043,3rd Party - DoorDash,705.45,
08/03/2026,5043,3rd Party - GrubHub,15.11,
08/03/2026,5043,3rd Party - UberEats,553.37,
08/03/2026,5043,Cash Over/Short Adjustment,0.29,
08/03/2026,5049,Subject to Tax,,2638.5
08/03/2026,5049,Non-Taxable Sales,,16.5
08/03/2026,5049,3rd Party Tax Exempt,,823.3
08/03/2026,5049,Register Audit,476,
08/03/2026,5049,Sales Tax,,213.65
08/03/2026,5049,In-Store Credit Card,1928.86,
08/03/2026,5049,Online Credit card,570.94,
08/03/2026,5049,Online Gift Card,11.86,
08/03/2026,5049,Online Credit Card Tips,,15.44
08/03/2026,5049,In-Store Credit Card Tips,,103.31
08/03/2026,5049,3rd Party - DoorDash,735.82,
08/03/2026,5049,3rd Party - UberEats,87.48,
08/03/2026,5049,Cash Over/Short Adjustment,,0.26
08/03/2026,5051,Subject to Tax,,3172.55
08/03/2026,5051,Non-Taxable Sales,,20
08/03/2026,5051,3rd Party Tax Exempt,,1071.15
08/03/2026,5051,Register Audit,209,
08/03/2026,5051,Sales Tax,,216.94
08/03/2026,5051,In-Store Credit Card,2002.61,
08/03/2026,5051,Online Credit card,1318.69,
08/03/2026,5051,Online Credit Card Tips,,21
08/03/2026,5051,In-Store Credit Card Tips,,110.25
08/03/2026,5051,Gift Card,10.59,
08/03/2026,5051,3rd Party - DoorDash,674.21,
08/03/2026,5051,3rd Party - GrubHub,73.5,
08/03/2026,5051,3rd Party - UberEats,323.44,
08/03/2026,5051,Cash Over/Short Adjustment,,0.15
08/03/2026,5057,Subject to Tax,,3810.85
08/03/2026,5057,Non-Taxable Sales,,5
08/03/2026,5057,3rd Party Tax Exempt,,488.29
08/03/2026,5057,Register Audit,496,
08/03/2026,5057,Sales Tax,,302.94
08/03/2026,5057,In-Store Credit Card,2905.59,
08/03/2026,5057,Online Credit card,865.82,
08/03/2026,5057,Online Credit Card Tips,,27
08/03/2026,5057,In-Store Credit Card Tips,,175.08
08/03/2026,5057,Gift Card,54.01,
08/03/2026,5057,3rd Party - DoorDash,200.22,
08/03/2026,5057,3rd Party - GrubHub,22.85,
08/03/2026,5057,3rd Party - UberEats,265.22,
08/03/2026,5057,Cash Over/Short Adjustment,,0.55
08/03/2026,5059,Subject to Tax,,2853.65
08/03/2026,5059,Non-Taxable Sales,,22
08/03/2026,5059,3rd Party Tax Exempt,,376.21
08/03/2026,5059,Register Audit,331,
08/03/2026,5059,Sales Tax,,195.9
08/03/2026,5059,In-Store Credit Card,1862.03,
08/03/2026,5059,Online Credit card,972.8,
08/03/2026,5059,Online Gift Card,11.45,
08/03/2026,5059,Online Credit Card Tips,,30
08/03/2026,5059,In-Store Credit Card Tips,,107.4
08/03/2026,5059,Gift Card,31.77,
08/03/2026,5059,3rd Party - DoorDash,261.08,
08/03/2026,5059,3rd Party - UberEats,115.13,
08/03/2026,5059,Cash Over/Short Adjustment,,0.1
08/03/2026,5062,Subject to Tax,,2578.06
08/03/2026,5062,Non-Taxable Sales,,5.5
08/03/2026,5062,3rd Party Tax Exempt,,304.78
08/03/2026,5062,Sales Tax,,178.39
08/03/2026,5062,In-Store Credit Card,1978.03,
08/03/2026,5062,Online Credit card,687.14,
08/03/2026,5062,Online Credit Card Tips,,32
08/03/2026,5062,In-Store Credit Card Tips,,118.71
08/03/2026,5062,Gift Card,12.2,
08/03/2026,5062,Gift Card Sold,,25
08/03/2026,5062,3rd Party - DoorDash,251.65,
08/03/2026,5062,3rd Party - UberEats,53.13,
08/03/2026,5062,Cash Over/Short Adjustment,0.29,
08/03/2026,5062,Register Audit Adjustment,260,
08/03/2026,5101,Subject to Tax,,2362.8
08/03/2026,5101,3rd Party Tax Exempt,,556.66
08/03/2026,5101,Register Audit,205,
08/03/2026,5101,Sales Tax,,160.93
08/03/2026,5101,In-Store Credit Card,1509.78,
08/03/2026,5101,Online Credit card,854.83,
08/03/2026,5101,Online Credit Card Tips,,21
08/03/2026,5101,In-Store Credit Card Tips,,79.11
08/03/2026,5101,Gift Card,54.8,
08/03/2026,5101,3rd Party - DoorDash,328.26,
08/03/2026,5101,3rd Party - UberEats,228.4,
08/03/2026,5101,Cash Over/Short Adjustment,,0.57
08/03/2026,5112,Subject to Tax,,2561.3
08/03/2026,5112,Non-Taxable Sales,,28
08/03/2026,5112,3rd Party Tax Exempt,,466.69
08/03/2026,5112,Register Audit,351,
08/03/2026,5112,Sales Tax,,202
08/03/2026,5112,In-Store Credit Card,1504.74,
08/03/2026,5112,Online Credit card,1065.3,
08/03/2026,5112,Online Credit Card Tips,,30
08/03/2026,5112,In-Store Credit Card Tips,,99.54
08/03/2026,5112,3rd Party - DoorDash,406.22,
08/03/2026,5112,3rd Party - UberEats,60.47,
08/03/2026,5112,Cash Over/Short Adjustment,,0.2
08/03/2026,5127,Subject to Tax,,3541.05
08/03/2026,5127,Non-Taxable Sales,,19.5
08/03/2026,5127,3rd Party Tax Exempt,,125.69
08/03/2026,5127,Register Audit,655,
08/03/2026,5127,Sales Tax,,279.06
08/03/2026,5127,In-Store Credit Card,2321.52,
08/03/2026,5127,Payout,36.21,
08/03/2026,5127,Online Credit card,1008.67,
08/03/2026,5127,Online Credit Card Tips,,35
08/03/2026,5127,In-Store Credit Card Tips,,165.92
08/03/2026,5127,Gift Card,19.01,
08/03/2026,5127,3rd Party - DoorDash,91.97,
08/03/2026,5127,3rd Party - UberEats,33.72,
08/03/2026,5127,Cash Over/Short Adjustment,0.12,
08/03/2026,6021,Subject to Tax,,2944.01
08/03/2026,6021,Non-Taxable Sales,,20
08/03/2026,6021,3rd Party Tax Exempt,,128.99
08/03/2026,6021,Register Audit,163,
08/03/2026,6021,Sales Tax,,279.75
08/03/2026,6021,In-Store Credit Card,1634.93,
08/03/2026,6021,Online Credit card,980.18,
08/03/2026,6021,Online Credit Card Tips,,22
08/03/2026,6021,In-Store Credit Card Tips,,101.29
08/03/2026,6021,Gift Card,20.67,
08/03/2026,6021,3rd Party - DoorDash,523.13,
08/03/2026,6021,3rd Party - GrubHub,45.92,
08/03/2026,6021,3rd Party - UberEats,128.99,
08/03/2026,6021,Cash Over/Short Adjustment,,0.78
08/03/2026,6026,Subject to Tax,,3529
08/03/2026,6026,Non-Taxable Sales,,51
08/03/2026,6026,3rd Party Tax Exempt,,146.73
08/03/2026,6026,Sales Tax,,211.67
08/03/2026,6026,In-Store Credit Card,1702.51,
08/03/2026,6026,Online Credit card,1314.4,
08/03/2026,6026,Online Gift Card,49.22,
08/03/2026,6026,Online Credit Card Tips,,37
08/03/2026,6026,In-Store Credit Card Tips,,101.02
08/03/2026,6026,Gift Card,40,
08/03/2026,6026,3rd Party - DoorDash,615.67,
08/03/2026,6026,3rd Party - GrubHub,39.54,
08/03/2026,6026,3rd Party - UberEats,146.73,
08/03/2026,6026,Cash Over/Short Adjustment,0.35,
08/03/2026,6026,Register Audit Adjustment,168,
08/03/2026,6032,Subject to Tax,,4074
08/03/2026,6032,Non-Taxable Sales,,20.5
08/03/2026,6032,3rd Party Tax Exempt,,69.22
08/03/2026,6032,Sales Tax,,244.46
08/03/2026,6032,In-Store Credit Card,2215.15,
08/03/2026,6032,Online Credit card,1299,
08/03/2026,6032,Online Credit Card Tips,,42
08/03/2026,6032,In-Store Credit Card Tips,,122.07
08/03/2026,6032,3rd Party - DoorDash,789.21,
08/03/2026,6032,3rd Party - GrubHub,71.67,
08/03/2026,6032,3rd Party - UberEats,69.22,
08/03/2026,6032,Register Audit Adjustment,128,
08/03/2026,6037,Subject to Tax,,2879.84
08/03/2026,6037,Non-Taxable Sales,,5
08/03/2026,6037,Register Audit,199,
08/03/2026,6037,Sales Tax,,316.94
08/03/2026,6037,In-Store Credit Card,2068.21,
08/03/2026,6037,Online Credit card,920.2,
08/03/2026,6037,Online Gift Card,20.2,
08/03/2026,6037,Online Credit Card Tips,,34
08/03/2026,6037,In-Store Credit Card Tips,,141.17
08/03/2026,6037,3rd Party - GrubHub,27.76,
08/03/2026,6037,3rd Party - UberEats,141.94,
08/03/2026,6037,Cash Over/Short Adjustment,,0.36
08/03/2026,6039,Subject to Tax,,3573.06
08/03/2026,6039,Non-Taxable Sales,,16.5
08/03/2026,6039,3rd Party Tax Exempt,,225.36
08/03/2026,6039,Sales Tax,,214.38
08/03/2026,6039,In-Store Credit Card,2014.61,
08/03/2026,6039,Online Credit card,1428.33,
08/03/2026,6039,Online Gift Card,20,
08/03/2026,6039,Online Credit Card Tips,,32
08/03/2026,6039,In-Store Credit Card Tips,,118.85
08/03/2026,6039,3rd Party - DoorDash,342.88,
08/03/2026,6039,3rd Party - GrubHub,13.29,
08/03/2026,6039,3rd Party - UberEats,225.36,
08/03/2026,6039,Cash Over/Short Adjustment,0.68,
08/03/2026,6039,Register Audit Adjustment,135,
08/03/2026,6044,Subject to Tax,,3371.48
08/03/2026,6044,Non-Taxable Sales,,15.5
08/03/2026,6044,3rd Party Tax Exempt,,42.36
08/03/2026,6044,Tax Exempt,,430.2
08/03/2026,6044,Sales Tax,,380.93
08/03/2026,6044,In-Store Credit Card,2278.5,
08/03/2026,6044,Online Credit card,1225.73,
08/03/2026,6044,Online Credit Card Tips,,28.59
08/03/2026,6044,In-Store Credit Card Tips,,103.48
08/03/2026,6044,Gift Card,50,
08/03/2026,6044,3rd Party - DoorDash,341.05,
08/03/2026,6044,3rd Party - UberEats,42.36,
08/03/2026,6044,Cash Over/Short Adjustment,0.9,
08/03/2026,6044,Register Audit Adjustment,434,
08/03/2026,6065,Subject to Tax,,2790.48
08/03/2026,6065,Non-Taxable Sales,,10
08/03/2026,6065,3rd Party Tax Exempt,,71.69
08/03/2026,6065,Sales Tax,,279.2
08/03/2026,6065,In-Store Credit Card,1787.15,
08/03/2026,6065,Online Credit card,969.12,
08/03/2026,6065,Online Gift Card,11.77,
08/03/2026,6065,Online Credit Card Tips,,38.53
08/03/2026,6065,In-Store Credit Card Tips,,90.83
08/03/2026,6065,3rd Party - DoorDash,181.6,
08/03/2026,6065,3rd Party - GrubHub,13.85,
08/03/2026,6065,3rd Party - UberEats,71.69,
08/03/2026,6065,Cash Over/Short Adjustment,0.55,
08/03/2026,6065,Register Audit Adjustment,245,
08/03/2026,6067,Subject to Tax,,2478.68
08/03/2026,6067,Non-Taxable Sales,,11
08/03/2026,6067,3rd Party Tax Exempt,,64.08
08/03/2026,6067,Sales Tax,,280.19
08/03/2026,6067,In-Store Credit Card,1404.65,
08/03/2026,6067,Online Credit card,1073.64,
08/03/2026,6067,Online Credit Card Tips,,35.77
08/03/2026,6067,In-Store Credit Card Tips,,110.24
08/03/2026,6067,Gift Card,11.02,
08/03/2026,6067,3rd Party - DoorDash,175,
08/03/2026,6067,3rd Party - UberEats,64.08,
08/03/2026,6067,Cash Over/Short Adjustment,0.57,
08/03/2026,6067,Register Audit Adjustment,251,
08/03/2026,6072,Subject to Tax,,4341.86
08/03/2026,6072,Non-Taxable Sales,,25.5
08/03/2026,6072,3rd Party Tax Exempt,,104.25
08/03/2026,6072,Register Audit,499,
08/03/2026,6072,Sales Tax,,512.39
08/03/2026,6072,In-Store Credit Card,2430.16,
08/03/2026,6072,Payout,10.31,
08/03/2026,6072,Online Credit card,1330.24,
08/03/2026,6072,Online Gift Card,20.34,
08/03/2026,6072,Online Credit Card Tips,,44
08/03/2026,6072,In-Store Credit Card Tips,,143.93
08/03/2026,6072,Gift Card,25,
08/03/2026,6072,3rd Party - DoorDash,753.51,
08/03/2026,6072,3rd Party - UberEats,104.25,
08/03/2026,6072,Cash Over/Short Adjustment,,0.88
08/03/2026,6074,Subject to Tax,,3017.25
08/03/2026,6074,Non-Taxable Sales,,11
08/03/2026,6074,3rd Party Tax Exempt,,134.93
08/03/2026,6074,Sales Tax,,271.59
08/03/2026,6074,In-Store Credit Card,2205.43,
08/03/2026,6074,Online Credit card,944.35,
08/03/2026,6074,Online Gift Card,25,
08/03/2026,6074,Online Credit Card Tips,,25
08/03/2026,6074,In-Store Credit Card Tips,,134.99
08/03/2026,6074,3rd Party - GrubHub,43.17,
08/03/2026,6074,3rd Party - UberEats,134.93,
08/03/2026,6074,Cash Over/Short Adjustment,0.88,
08/03/2026,6074,Register Audit Adjustment,241,
08/03/2026,6076,Subject to Tax,,2117.16
08/03/2026,6076,Non-Taxable Sales,,10
08/03/2026,6076,3rd Party Tax Exempt,,170.08
08/03/2026,6076,Sales Tax,,190.52
08/03/2026,6076,In-Store Credit Card,1306.27,
08/03/2026,6076,Payout,2,
08/03/2026,6076,Online Credit card,643.42,
08/03/2026,6076,Online Credit Card Tips,,24
08/03/2026,6076,In-Store Credit Card Tips,,87.76
08/03/2026,6076,Gift Card,1,
08/03/2026,6076,3rd Party - DoorDash,300.48,
08/03/2026,6076,3rd Party - UberEats,170.08,
08/03/2026,6076,Cash Over/Short Adjustment,0.27,
08/03/2026,6076,Register Audit Adjustment,176,
08/03/2026,6083,Subject to Tax,,3111.4
08/03/2026,6083,Non-Taxable Sales,,5
08/03/2026,6083,3rd Party Tax Exempt,,91.19
08/03/2026,6083,Tax Exempt,,1043
08/03/2026,6083,Register Audit,150.9,
08/03/2026,6083,Sales Tax,,279.98
08/03/2026,6083,In-Store Credit Card,2861.38,
08/03/2026,6083,Online Credit card,1157.78,
08/03/2026,6083,Online Credit Card Tips,,44
08/03/2026,6083,In-Store Credit Card Tips,,119.6
08/03/2026,6083,Gift Card,19.84,
08/03/2026,6083,3rd Party - DoorDash,224.88,
08/03/2026,6083,3rd Party - GrubHub,188.24,
08/03/2026,6083,3rd Party - UberEats,91.19,
08/03/2026,6083,Cash Over/Short Adjustment,,0.04
08/03/2026,6088,Subject to Tax,,2727.88
08/03/2026,6088,Non-Taxable Sales,,10.5
08/03/2026,6088,3rd Party Tax Exempt,,244.11
08/03/2026,6088,Register Audit,124,
08/03/2026,6088,Sales Tax,,272.95
08/03/2026,6088,In-Store Credit Card,1475.89,
08/03/2026,6088,Online Credit card,1127.94,
08/03/2026,6088,Online Credit Card Tips,,31
08/03/2026,6088,In-Store Credit Card Tips,,83.18
08/03/2026,6088,Gift Card,8.2,
08/03/2026,6088,3rd Party - DoorDash,348.92,
08/03/2026,6088,3rd Party - GrubHub,39.86,
08/03/2026,6088,3rd Party - UberEats,244.11,
08/03/2026,6088,Cash Over/Short Adjustment,0.7,
08/03/2026,6093,Subject to Tax,,2366.66
08/03/2026,6093,Non-Taxable Sales,,5
08/03/2026,6093,Register Audit,448,
08/03/2026,6093,Sales Tax,,267.48
08/03/2026,6093,In-Store Credit Card,1291.61,
08/03/2026,6093,Online Credit card,738.68,
08/03/2026,6093,Online Credit Card Tips,,17
08/03/2026,6093,In-Store Credit Card Tips,,85.91
08/03/2026,6093,3rd Party - DoorDash,264.14,
08/03/2026,6093,Cash Over/Short Adjustment,,0.38
08/03/2026,6094,Subject to Tax,,1819.06
08/03/2026,6094,Non-Taxable Sales,,5
08/03/2026,6094,3rd Party Tax Exempt,,75.12
08/03/2026,6094,Sales Tax,,182.03
08/03/2026,6094,In-Store Credit Card,1063.25,
08/03/2026,6094,Online Credit card,744.55,
08/03/2026,6094,Online Credit Card Tips,,38
08/03/2026,6094,In-Store Credit Card Tips,,68.98
08/03/2026,6094,3rd Party - DoorDash,199.89,
08/03/2026,6094,3rd Party - UberEats,75.12,
08/03/2026,6094,Cash Over/Short Adjustment,0.38,
08/03/2026,6094,Register Audit Adjustment,105,
08/03/2026,6102,Subject to Tax,,2598.04
08/03/2026,6102,Non-Taxable Sales,,40.5
08/03/2026,6102,Sales Tax,,259.93
08/03/2026,6102,In-Store Credit Card,1501.43,
08/03/2026,6102,Online Credit card,863.27,
08/03/2026,6102,Online Credit Card Tips,,7
08/03/2026,6102,In-Store Credit Card Tips,,95.19
08/03/2026,6102,Gift Card,18.36,
08/03/2026,6102,3rd Party - DoorDash,253.04,
08/03/2026,6102,3rd Party - GrubHub,28.24,
08/03/2026,6102,3rd Party - UberEats,164.75,
08/03/2026,6102,Cash Over/Short Adjustment,0.57,
08/03/2026,6102,Register Audit Adjustment,171,
08/03/2026,7024,Subject to Tax,,3996.18
08/03/2026,7024,3rd Party Tax Exempt,,700.99
08/03/2026,7024,Sales Tax,,343.26
08/03/2026,7024,In-Store Credit Card,2074.65,
08/03/2026,7024,Payout,9.15,
08/03/2026,7024,Online Credit card,1673.49,
08/03/2026,7024,Online Gift Card,25,
08/03/2026,7024,Online Credit Card Tips,,57
08/03/2026,7024,In-Store Credit Card Tips,,128.62
08/03/2026,7024,3rd Party - DoorDash,541.59,
08/03/2026,7024,3rd Party - GrubHub,95.15,
08/03/2026,7024,3rd Party - UberEats,64.25,
08/03/2026,7024,Cash Over/Short Adjustment,0.77,
08/03/2026,7024,Register Audit Adjustment,742,
08/03/2026,7032,Subject to Tax,,2799
08/03/2026,7032,3rd Party Tax Exempt,,551.83
08/03/2026,7032,Sales Tax,,240.26
08/03/2026,7032,In-Store Credit Card,1405.74,
08/03/2026,7032,Payout,125.07,
08/03/2026,7032,Online Credit card,1140.23,
08/03/2026,7032,Online Credit Card Tips,,23.5
08/03/2026,7032,In-Store Credit Card Tips,,56.12
08/03/2026,7032,3rd Party - DoorDash,451.4,
08/03/2026,7032,3rd Party - UberEats,100.43,
08/03/2026,7032,Cash Over/Short Adjustment,0.84,
08/03/2026,7032,Register Audit Adjustment,447,
08/03/2026,7039,Subject to Tax,,1649.7
08/03/2026,7039,3rd Party Tax Exempt,,288.4
08/03/2026,7039,Sales Tax,,142.57
08/03/2026,7039,In-Store Credit Card,1164.34,
08/03/2026,7039,Online Credit card,472.34,
08/03/2026,7039,Online Gift Card,17.79,
08/03/2026,7039,Online Credit Card Tips,,10.52
08/03/2026,7039,In-Store Credit Card Tips,,101.63
08/03/2026,7039,Gift Card,18.48,
08/03/2026,7039,3rd Party - DoorDash,288.4,
08/03/2026,7039,Cash Over/Short Adjustment,0.47,
08/03/2026,7039,Register Audit Adjustment,231,
08/03/2026,7049,Subject to Tax,,2833.6
08/03/2026,7049,3rd Party Tax Exempt,,518.46
08/03/2026,7049,Sales Tax,,247.21
08/03/2026,7049,In-Store Credit Card,2237.14,
08/03/2026,7049,Online Credit card,732.01,
08/03/2026,7049,Online Gift Card,8.1,
08/03/2026,7049,Online Credit Card Tips,,46
08/03/2026,7049,In-Store Credit Card Tips,,158.72
08/03/2026,7049,Online Gift Card Tips,,1
08/03/2026,7049,Gift Card,19.04,
08/03/2026,7049,3rd Party - DoorDash,285.39,
08/03/2026,7049,3rd Party - GrubHub,14.15,
08/03/2026,7049,3rd Party - UberEats,218.92,
08/03/2026,7049,Cash Over/Short Adjustment,0.24,
08/03/2026,7049,Register Audit Adjustment,290,
08/03/2026,7066,Subject to Tax,,2167.84
08/03/2026,7066,3rd Party Tax Exempt,,281.8
08/03/2026,7066,Sales Tax,,188.3
08/03/2026,7066,In-Store Credit Card,1316.1,
08/03/2026,7066,Online Credit card,594.32,
08/03/2026,7066,Online Gift Card,10,
08/03/2026,7066,Online Credit Card Tips,,13
08/03/2026,7066,In-Store Credit Card Tips,,105.34
08/03/2026,7066,3rd Party - DoorDash,281.8,
08/03/2026,7066,Cash Over/Short Adjustment,0.43,
08/03/2026,7066,Register Audit Adjustment,554,
08/03/2026,13026,Subject to Tax,,2229.01
08/03/2026,13026,Non-Taxable Sales,,18.08
08/03/2026,13026,3rd Party Tax Exempt,,784.56
08/03/2026,13026,Register Audit,145,
08/03/2026,13026,Sales Tax,,167.3
08/03/2026,13026,In-Store Credit Card,1593.36,
08/03/2026,13026,Online Credit card,702.18,
08/03/2026,13026,Online Credit Card Tips,,16
08/03/2026,13026,In-Store Credit Card Tips,,79.85
08/03/2026,13026,Gift Card,61.49,
08/03/2026,13026,3rd Party - DoorDash,444.42,
08/03/2026,13026,3rd Party - UberEats,347.88,
08/03/2026,13026,Cash Over/Short Adjustment,0.47,
08/03/2026,13062,Subject to Tax,,2338.35
08/03/2026,13062,Non-Taxable Sales,,36.85
08/03/2026,13062,3rd Party Tax Exempt,,474.17
08/03/2026,13062,Sales Tax,,163.76
08/03/2026,13062,In-Store Credit Card,1387.99,
08/03/2026,13062,Online Credit card,894.61,
08/03/2026,13062,Online Gift Card,10,
08/03/2026,13062,Online Credit Card Tips,,18
08/03/2026,13062,In-Store Credit Card Tips,,68.81
08/03/2026,13062,Online Gift Card Tips,,2
08/03/2026,13062,Gift Card,30.65,
08/03/2026,13062,3rd Party - DoorDash,230.63,
08/03/2026,13062,3rd Party - UberEats,257.34,
08/03/2026,13062,Cash Over/Short Adjustment,0.72,
08/03/2026,13062,Register Audit Adjustment,290,
08/03/2026,13082,Subject to Tax,,2351.62
08/03/2026,13082,Non-Taxable Sales,,39.32
08/03/2026,13082,3rd Party Tax Exempt,,330.61
08/03/2026,13082,Register Audit,288,
08/03/2026,13082,Sales Tax,,164.58
08/03/2026,13082,In-Store Credit Card,1763.29,
08/03/2026,13082,Online Credit card,583.55,
08/03/2026,13082,Online Credit Card Tips,,28
08/03/2026,13082,In-Store Credit Card Tips,,132.87
08/03/2026,13082,3rd Party - DoorDash,302.47,
08/03/2026,13082,3rd Party - GrubHub,62.06,
08/03/2026,13082,3rd Party - UberEats,48.48,
08/03/2026,13082,Cash Over/Short Adjustment,,0.85
08/03/2026,13106,Subject to Tax,,1564.72
08/03/2026,13106,Non-Taxable Sales,,13.06
08/03/2026,13106,3rd Party Tax Exempt,,307.64
08/03/2026,13106,Sales Tax,,117.42
08/03/2026,13106,In-Store Credit Card,1116.22,
08/03/2026,13106,Online Credit card,459.22,
08/03/2026,13106,Online Credit Card Tips,,22
08/03/2026,13106,In-Store Credit Card Tips,,82
08/03/2026,13106,3rd Party - DoorDash,216.81,
08/03/2026,13106,3rd Party - GrubHub,26.57,
08/03/2026,13106,3rd Party - UberEats,98.15,
08/03/2026,13106,Cash Over/Short Adjustment,0.87,
08/03/2026,13106,Register Audit Adjustment,189,
08/03/2026,13116,Subject to Tax,,2543.66
08/03/2026,13116,Non-Taxable Sales,,89.37
08/03/2026,13116,3rd Party Tax Exempt,,619.26
08/03/2026,13116,Sales Tax,,178.05
08/03/2026,13116,In-Store Credit Card,1460.33,
08/03/2026,13116,Online Credit card,1095.13,
08/03/2026,13116,In-Store Credit Card Tips,,72.75
08/03/2026,13116,Gift Card,38.34,
08/03/2026,13116,Gift Card Sold,,20
08/03/2026,13116,3rd Party - DoorDash,444.25,
08/03/2026,13116,3rd Party - UberEats,181.49,
08/03/2026,13116,Cash Over/Short Adjustment,0.55,
08/03/2026,13116,Register Audit Adjustment,303,
08/03/2026,13138,Subject to Tax,,2042.89
08/03/2026,13138,Non-Taxable Sales,,12.84
08/03/2026,13138,3rd Party Tax Exempt,,344.67
08/03/2026,13138,Register Audit,351,
08/03/2026,13138,Sales Tax,,143.01
08/03/2026,13138,In-Store Credit Card,1538.04,
08/03/2026,13138,Online Credit card,364.35,
08/03/2026,13138,Online Credit Card Tips,,18
08/03/2026,13138,In-Store Credit Card Tips,,93.39
08/03/2026,13138,Gift Card,23.22,
08/03/2026,13138,3rd Party - DoorDash,272.49,
08/03/2026,13138,3rd Party - GrubHub,32.09,
08/03/2026,13138,3rd Party - UberEats,74.22,
08/03/2026,13138,Cash Over/Short Adjustment,,0.61
08/03/2026,13148,Subject to Tax,,4256.07
08/03/2026,13148,Non-Taxable Sales,,30.95
08/03/2026,13148,3rd Party Tax Exempt,,391.62
08/03/2026,13148,Sales Tax,,276.75
08/03/2026,13148,In-Store Credit Card,2352.17,
08/03/2026,13148,Online Credit card,2130.53,
08/03/2026,13148,Online Credit Card Tips,,77.2
08/03/2026,13148,In-Store Credit Card Tips,,159.56
08/03/2026,13148,Gift Card,19.96,
08/03/2026,13148,3rd Party - DoorDash,215.65,
08/03/2026,13148,3rd Party - UberEats,181.67,
08/03/2026,13148,Cash Over/Short Adjustment,0.17,
08/03/2026,13148,Register Audit Adjustment,292,
08/03/2026,13160,Subject to Tax,,2782.61
08/03/2026,13160,Non-Taxable Sales,,24.94
08/03/2026,13160,3rd Party Tax Exempt,,302.08
08/03/2026,13160,Register Audit,606,
08/03/2026,13160,Sales Tax,,194.83
08/03/2026,13160,In-Store Credit Card,1665.17,
08/03/2026,13160,Online Credit card,743.33,
08/03/2026,13160,Online Credit Card Tips,,26
08/03/2026,13160,In-Store Credit Card Tips,,94.92
08/03/2026,13160,Gift Card,63.24,
08/03/2026,13160,3rd Party - DoorDash,258.83,
08/03/2026,13160,3rd Party - GrubHub,40.13,
08/03/2026,13160,3rd Party - UberEats,48.95,
08/03/2026,13160,Cash Over/Short Adjustment,,0.27
08/03/2026,13162,Subject to Tax,,3249.45
08/03/2026,13162,Non-Taxable Sales,,7.98
08/03/2026,13162,3rd Party Tax Exempt,,575.49
08/03/2026,13162,Sales Tax,,227.38
08/03/2026,13162,In-Store Credit Card,2209.23,
08/03/2026,13162,Payout,102.58,
08/03/2026,13162,Online Credit card,1106.01,
08/03/2026,13162,Online Gift Card,65.59,
08/03/2026,13162,Online Credit Card Tips,,47
08/03/2026,13162,In-Store Credit Card Tips,,119.1
08/03/2026,13162,Gift Card,6.36,
08/03/2026,13162,3rd Party - DoorDash,417.83,
08/03/2026,13162,3rd Party - UberEats,162.94,
08/03/2026,13162,Cash Over/Short Adjustment,0.86,
08/03/2026,13162,Register Audit Adjustment,155,
08/03/2026,13219,Subject to Tax,,2811.8
08/03/2026,13219,Non-Taxable Sales,,12.2
08/03/2026,13219,3rd Party Tax Exempt,,381.72
08/03/2026,13219,Sales Tax,,196.86
08/03/2026,13219,In-Store Credit Card,1759.31,
08/03/2026,13219,Online Credit card,930.58,
08/03/2026,13219,Online Credit Card Tips,,35
08/03/2026,13219,In-Store Credit Card Tips,,125.36
08/03/2026,13219,Gift Card,19.69,
08/03/2026,13219,3rd Party - DoorDash,306.16,
08/03/2026,13219,3rd Party - GrubHub,17.34,
08/03/2026,13219,3rd Party - UberEats,75.56,
08/03/2026,13219,Cash Over/Short Adjustment,0.3,
08/03/2026,13219,Register Audit Adjustment,454,
08/03/2026,37001,Subject to Tax,,4787.71
08/03/2026,37001,Non-Taxable Sales,,604.09
08/03/2026,37001,Sales Tax,,407.04
08/03/2026,37001,In-Store Credit Card,2638.86,
08/03/2026,37001,Online Credit card,1787.52,
08/03/2026,37001,Online Gift Card,10.55,
08/03/2026,37001,Online Credit Card Tips,,63
08/03/2026,37001,In-Store Credit Card Tips,,159.5
08/03/2026,37001,Gift Card,28.56,
08/03/2026,37001,3rd Party - DoorDash,703.72,
08/03/2026,37001,3rd Party - UberEats,80.26,
08/03/2026,37001,Cash Over/Short Adjustment,0.87,
08/03/2026,37001,Register Audit Adjustment,771,
08/03/2026,37002,Subject to Tax,,3581.19
08/03/2026,37002,Non-Taxable Sales,,410.56
08/03/2026,37002,Sales Tax,,304.42
08/03/2026,37002,In-Store Credit Card,1600.94,
08/03/2026,37002,Online Credit card,1583,
08/03/2026,37002,Online Credit Card Tips,,32.75
08/03/2026,37002,In-Store Credit Card Tips,,88.58
08/03/2026,37002,3rd Party - DoorDash,599.94,
08/03/2026,37002,3rd Party - GrubHub,181.83,
08/03/2026,37002,3rd Party - UberEats,83.12,
08/03/2026,37002,Cash Over/Short Adjustment,0.67,
08/03/2026,37002,Register Audit Adjustment,368,
08/03/2026,37004,Subject to Tax,,1846.36
08/03/2026,37004,Non-Taxable Sales,,251.4
08/03/2026,37004,Register Audit,189,
08/03/2026,37004,Sales Tax,,156.97
08/03/2026,37004,In-Store Credit Card,1305.95,
08/03/2026,37004,Online Credit card,599.04,
08/03/2026,37004,Online Gift Card,29.49,
08/03/2026,37004,Online Credit Card Tips,,15.15
08/03/2026,37004,In-Store Credit Card Tips,,99.05
08/03/2026,37004,Online Gift Card Tips,,1
08/03/2026,37004,Gift Card,11.23,
08/03/2026,37004,3rd Party - DoorDash,224.64,
08/03/2026,37004,3rd Party - GrubHub,13.93,
08/03/2026,37004,Cash Over/Short Adjustment,,0.35
08/03/2026,37004,Register Audit Adjustment,,3
08/03/2026,37006,Subject to Tax,,4063.34
08/03/2026,37006,Non-Taxable Sales,,598.47
08/03/2026,37006,Sales Tax,,345.38
08/03/2026,37006,In-Store Credit Card,2464.74,
08/03/2026,37006,Online Credit card,1436.76,
08/03/2026,37006,Online Gift Card,30.56,
08/03/2026,37006,Online Credit Card Tips,,52.62
08/03/2026,37006,In-Store Credit Card Tips,,170.62
08/03/2026,37006,Online Gift Card Tips,,3
08/03/2026,37006,Gift Card,57.94,
08/03/2026,37006,3rd Party - DoorDash,524.02,
08/03/2026,37006,3rd Party - UberEats,94.98,
08/03/2026,37006,Cash Over/Short Adjustment,0.43,
08/03/2026,37006,Register Audit Adjustment,624,
08/03/2026,37007,Subject to Tax,,5364.56
08/03/2026,37007,Non-Taxable Sales,,665.06
08/03/2026,37007,Sales Tax,,456.1
08/03/2026,37007,In-Store Credit Card,2340.85,
08/03/2026,37007,Payout,25.99,
08/03/2026,37007,Online Credit card,2285.53,
08/03/2026,37007,Online Gift Card,19.75,
08/03/2026,37007,Online Credit Card Tips,,45
08/03/2026,37007,In-Store Credit Card Tips,,126.24
08/03/2026,37007,3rd Party - DoorDash,1215.91,
08/03/2026,37007,3rd Party - GrubHub,118.11,
08/03/2026,37007,3rd Party - UberEats,309.15,
08/03/2026,37007,Cash Over/Short Adjustment,0.67,
08/03/2026,37007,Register Audit Adjustment,341,
08/03/2026,37009,Subject to Tax,,3728.07
08/03/2026,37009,Non-Taxable Sales,,342.92
08/03/2026,37009,Sales Tax,,316.92
08/03/2026,37009,In-Store Credit Card,1595.52,
08/03/2026,37009,Online Credit card,1859.04,
08/03/2026,37009,Online Gift Card,10,
08/03/2026,37009,Online Credit Card Tips,,53.31
08/03/2026,37009,In-Store Credit Card Tips,,132.73
08/03/2026,37009,Gift Card,32.52,
08/03/2026,37009,3rd Party - DoorDash,708.3,
08/03/2026,37009,3rd Party - UberEats,101.99,
08/03/2026,37009,Cash Over/Short Adjustment,0.58,
08/03/2026,37009,Register Audit Adjustment,266,
08/03/2026,37010,Subject to Tax,,6646.11
08/03/2026,37010,Non-Taxable Sales,,821.8
08/03/2026,37010,Register Audit,887,
08/03/2026,37010,Sales Tax,,565.03
08/03/2026,37010,In-Store Credit Card,4187.19,
08/03/2026,37010,Online Credit card,2719.65,
08/03/2026,37010,Online Credit Card Tips,,117
08/03/2026,37010,In-Store Credit Card Tips,,295.16
08/03/2026,37010,Gift Card,32.91,
08/03/2026,37010,Gift Card Sold,,50
08/03/2026,37010,3rd Party - DoorDash,542.71,
08/03/2026,37010,3rd Party - UberEats,122.62,
08/03/2026,37010,Cash Over/Short Adjustment,0.02,
08/03/2026,37010,Register Audit Adjustment,3,
08/03/2026,37013,Subject to Tax,,2600.11
08/03/2026,37013,Non-Taxable Sales,,345.35
08/03/2026,37013,Register Audit,453,
08/03/2026,37013,Sales Tax,,221.11
08/03/2026,37013,In-Store Credit Card,1616.4,
08/03/2026,37013,Payout,143.52,
08/03/2026,37013,Online Credit card,933.87,
08/03/2026,37013,Online Credit Card Tips,,35.31
08/03/2026,37013,In-Store Credit Card Tips,,128.26
08/03/2026,37013,3rd Party - DoorDash,183.58,
08/03/2026,37013,Cash Over/Short Adjustment,,0.23
08/03/2026,37014,Subject to Tax,,2991.8
08/03/2026,37014,Non-Taxable Sales,,367.41
08/03/2026,37014,Register Audit,336,
08/03/2026,37014,Sales Tax,,254.37
08/03/2026,37014,In-Store Credit Card,1599.25,
08/03/2026,37014,Online Credit card,1278.7,
08/03/2026,37014,Online Credit Card Tips,,39
08/03/2026,37014,In-Store Credit Card Tips,,93.79
08/03/2026,37014,Gift Card,15.04,
08/03/2026,37014,Gift Card Sold,,25
08/03/2026,37014,3rd Party - DoorDash,458.57,
08/03/2026,37014,3rd Party - UberEats,81.94,
08/03/2026,37014,Cash Over/Short Adjustment,0.87,
08/03/2026,37014,Register Audit Adjustment,1,
08/03/2026,37016,Subject to Tax,,3152.27
08/03/2026,37016,Non-Taxable Sales,,392.12
08/03/2026,37016,Register Audit,690,
08/03/2026,37016,Sales Tax,,268.04
08/03/2026,37016,In-Store Credit Card,2459.71,
08/03/2026,37016,Payout,18,
08/03/2026,37016,Online Credit card,686.79,
08/03/2026,37016,Online Credit Card Tips,,26
08/03/2026,37016,In-Store Credit Card Tips,,164.91
08/03/2026,37016,Gift Card,19.81,
08/03/2026,37016,3rd Party - DoorDash,116.74,
08/03/2026,37016,3rd Party - GrubHub,11.78,
08/03/2026,37016,Cash Over/Short Adjustment,0.51,
08/03/2026,37020,Subject to Tax,,2025.97
08/03/2026,37020,Non-Taxable Sales,,234.83
08/03/2026,37020,Register Audit,186,
08/03/2026,37020,Sales Tax,,172.27
08/03/2026,37020,In-Store Credit Card,1124.02,
08/03/2026,37020,Online Credit card,953.99,
08/03/2026,37020,Online Credit Card Tips,,34.5
08/03/2026,37020,In-Store Credit Card Tips,,62.17
08/03/2026,37020,3rd Party - DoorDash,265.52,
08/03/2026,37020,Cash Over/Short Adjustment,0.21,
08/03/2026,49001,Subject to Tax,,3985.55
08/03/2026,49001,3rd Party Tax Exempt,,1059.03
08/03/2026,49001,Sales Tax,,318.74
08/03/2026,49001,In-Store Credit Card,2403.39,
08/03/2026,49001,Online Credit card,1604.14,
08/03/2026,49001,Online Credit Card Tips,,56.74
08/03/2026,49001,In-Store Credit Card Tips,,138.79
08/03/2026,49001,Gift Card,35.31,
08/03/2026,49001,3rd Party - DoorDash,945.63,
08/03/2026,49001,3rd Party - GrubHub,8.34,
08/03/2026,49001,3rd Party - UberEats,105.06,
08/03/2026,49001,Cash Over/Short Adjustment,0.98,
08/03/2026,49001,Register Audit Adjustment,456,
08/03/2026,49002,Subject to Tax,,3229.95
08/03/2026,49002,3rd Party Tax Exempt,,360.73
08/03/2026,49002,Sales Tax,,258.56
08/03/2026,49002,In-Store Credit Card,1915.35,
08/03/2026,49002,Payout,13.63,
08/03/2026,49002,Online Credit card,1030.91,
08/03/2026,49002,Online Gift Card,21.06,
08/03/2026,49002,Online Credit Card Tips,,22
08/03/2026,49002,In-Store Credit Card Tips,,103.07
08/03/2026,49002,Gift Card,10,
08/03/2026,49002,3rd Party - DoorDash,339.85,
08/03/2026,49002,3rd Party - UberEats,20.88,
08/03/2026,49002,Cash Over/Short Adjustment,0.63,
08/03/2026,49002,Register Audit Adjustment,622,
08/03/2026,49003,Subject to Tax,,3181.78
08/03/2026,49003,3rd Party Tax Exempt,,247.85
08/03/2026,49003,Sales Tax,,254.38
08/03/2026,49003,In-Store Credit Card,2325.79,
08/03/2026,49003,Online Credit card,841.23,
08/03/2026,49003,Online Credit Card Tips,,27
08/03/2026,49003,In-Store Credit Card Tips,,187.36
08/03/2026,49003,3rd Party - DoorDash,196.16,
08/03/2026,49003,3rd Party - UberEats,51.69,
08/03/2026,49003,Cash Over/Short Adjustment,0.5,
08/03/2026,49003,Register Audit Adjustment,483,
08/03/2026,49004,Subject to Tax,,3772
08/03/2026,49004,3rd Party Tax Exempt,,816
08/03/2026,49004,Sales Tax,,301.64
08/03/2026,49004,In-Store Credit Card,2416.35,
08/03/2026,49004,Online Credit card,1418.01,
08/03/2026,49004,Online Gift Card,30.4,
08/03/2026,49004,Online Credit Card Tips,,49.99
08/03/2026,49004,In-Store Credit Card Tips,,149.89
08/03/2026,49004,Online Gift Card Tips,,1
08/03/2026,49004,Gift Card,25,
08/03/2026,49004,3rd Party - DoorDash,672.13,
08/03/2026,49004,3rd Party - UberEats,143.87,
08/03/2026,49004,Cash Over/Short Adjustment,0.76,
08/03/2026,49004,Register Audit Adjustment,384,
08/03/2026,49006,Subject to Tax,,5465.8
08/03/2026,49006,3rd Party Tax Exempt,,803.91
08/03/2026,49006,Register Audit,718,
08/03/2026,49006,Sales Tax,,436.96
08/03/2026,49006,In-Store Credit Card,3526.49,
08/03/2026,49006,Online Credit card,1870.83,
08/03/2026,49006,Online Gift Card,3.62,
08/03/2026,49006,Online Credit Card Tips,,85.34
08/03/2026,49006,In-Store Credit Card Tips,,193.15
08/03/2026,49006,Gift Card,60.17,
08/03/2026,49006,3rd Party - DoorDash,636.03,
08/03/2026,49006,3rd Party - UberEats,167.88,
08/03/2026,49006,Cash Over/Short Adjustment,0.14,
08/03/2026,49006,Register Audit Adjustment,2,
08/03/2026,49007,Subject to Tax,,2615.6
08/03/2026,49007,3rd Party Tax Exempt,,124.04
08/03/2026,49007,Register Audit,249.5,
08/03/2026,49007,Sales Tax,,208.54
08/03/2026,49007,In-Store Credit Card,1383.45,
08/03/2026,49007,Online Credit card,1261.32,
08/03/2026,49007,Online Gift Card,34.72,
08/03/2026,49007,Online Credit Card Tips,,41
08/03/2026,49007,In-Store Credit Card Tips,,94.92
08/03/2026,49007,Gift Card,31.09,
08/03/2026,49007,3rd Party - UberEats,124.04,
08/03/2026,49007,Cash Over/Short Adjustment,,0.02
08/03/2026,49008,Subject to Tax,,2998
08/03/2026,49008,3rd Party Tax Exempt,,688.88
08/03/2026,49008,Sales Tax,,239.29
08/03/2026,49008,In-Store Credit Card,1508.35,
08/03/2026,49008,Payout,29.44,
08/03/2026,49008,Online Credit card,1359.61,
08/03/2026,49008,Online Gift Card,19.86,
08/03/2026,49008,Online Credit Card Tips,,41
08/03/2026,49008,In-Store Credit Card Tips,,79.73
08/03/2026,49008,3rd Party - DoorDash,655.04,
08/03/2026,49008,3rd Party - UberEats,33.84,
08/03/2026,49008,Cash Over/Short Adjustment,0.76,
08/03/2026,49008,Register Audit Adjustment,440,
08/03/2026,49009,Subject to Tax,,4739.65
08/03/2026,49009,3rd Party Tax Exempt,,507.62
08/03/2026,49009,Sales Tax,,378.94
08/03/2026,49009,In-Store Credit Card,2857.59,
08/03/2026,49009,Payout,47.52,
08/03/2026,49009,Online Credit card,1607.53,
08/03/2026,49009,Online Credit Card Tips,,38.28
08/03/2026,49009,In-Store Credit Card Tips,,148.72
08/03/2026,49009,Gift Card,95.74,
08/03/2026,49009,3rd Party - DoorDash,493.7,
08/03/2026,49009,3rd Party - UberEats,13.92,
08/03/2026,49009,Cash Over/Short Adjustment,0.21,
08/03/2026,49009,Register Audit Adjustment,697,
08/03/2026,49010,Subject to Tax,,2682.18
08/03/2026,49010,3rd Party Tax Exempt,,821.17
08/03/2026,49010,Sales Tax,,214.58
08/03/2026,49010,In-Store Credit Card,1590.04,
08/03/2026,49010,Online Credit card,1220.55,
08/03/2026,49010,Online Gift Card,16.55,
08/03/2026,49010,Online Credit Card Tips,,50.39
08/03/2026,49010,In-Store Credit Card Tips,,125.68
08/03/2026,49010,Online Gift Card Tips,,1
08/03/2026,49010,Gift Card,16.31,
08/03/2026,49010,3rd Party - DoorDash,684.67,
08/03/2026,49010,3rd Party - UberEats,136.5,
08/03/2026,49010,Cash Over/Short Adjustment,0.38,
08/03/2026,49010,Register Audit Adjustment,230,
08/03/2026,49011,Subject to Tax,,4688.8
08/03/2026,49011,3rd Party Tax Exempt,,307.4
08/03/2026,49011,Tax Exempt,,1440.05
08/03/2026,49011,Register Audit,2176,
08/03/2026,49011,Sales Tax,,374.69
08/03/2026,49011,In-Store Credit Card,2266.6,
08/03/2026,49011,Online Credit card,2194.73,
08/03/2026,49011,Online Gift Card,59.77,
08/03/2026,49011,Online Credit Card Tips,,81.34
08/03/2026,49011,In-Store Credit Card Tips,,150.8
08/03/2026,49011,Online Gift Card Tips,,1
08/03/2026,49011,Gift Card,38.67,
08/03/2026,49011,3rd Party - DoorDash,244.6,
08/03/2026,49011,3rd Party - GrubHub,30.22,
08/03/2026,49011,3rd Party - UberEats,32.58,
08/03/2026,49011,Cash Over/Short Adjustment,0.91,
08/03/2026,49005,Subject to Tax,,3625.4
08/03/2026,49005,3rd Party Tax Exempt,,542.98
08/03/2026,49005,Tax Exempt,,358.5
08/03/2026,49005,Sales Tax,,290.25
08/03/2026,49005,In-Store Credit Card,2764.65,
08/03/2026,49005,Payout,38.15,
08/03/2026,49005,Online Credit card,1185.31,
08/03/2026,49005,Online Credit Card Tips,,41
08/03/2026,49005,In-Store Credit Card Tips,,204.91
08/03/2026,49005,3rd Party - DoorDash,423.29,
08/03/2026,49005,3rd Party - UberEats,119.69,
08/03/2026,49005,Cash Over/Short Adjustment,0.95,
08/03/2026,49005,Register Audit Adjustment,531,
