DateRange,Class,NetSales,Transaction Category,Account Number,Account Name,Debit,Credit,Memo,IsBalanced,Export Status
08/03/2026 - 08/06/2026,2006,14613.79,Royalty Fee,651000,Royalties,949.90,0.00,TQSR - Royalty Fee,0,
08/03/2026 - 08/06/2026,2006,14613.79,Royalties Bank Acct Entry,217000,Accrued Royalties,0.00,949.90,TQSR - Royalties Bank Acct Entry,0,
08/03/2026 - 08/06/2026,2006,14613.79,National Media Fee,560000,Advertising-National,584.55,0.00,TQSR - National Media Fee,0,
08/03/2026 - 08/06/2026,2006,14613.79,National Media Bank Entry,217000,Accrued Royalties,0.00,584.55,TQSR - National Media Bank Entry,0,
08/03/2026 - 08/06/2026,2006,14613.79,Corporate Advertising Fee,560001,Advertising-Production Fund,146.14,0.00,TQSR - Corporate Advertising Fee,0,
08/03/2026 - 08/06/2026,2006,14613.79,Corp Advertising Bank Acct Entry,217000,Accrued Royalties,0.00,146.14,TQSR - Corp Advertising Bank Acct Entry,0,
08/03/2026 - 08/06/2026,2016,14401.02,Royalty Fee,651000,Royalties,936.07,0.00,TQSR - Royalty Fee,0,
08/03/2026 - 08/06/2026,2016,14401.02,Royalties Bank Acct Entry,217000,Accrued Royalties,0.00,936.07,TQSR - Royalties Bank Acct Entry,0,
08/03/2026 - 08/06/2026,2016,14401.02,National Media Fee,560000,Advertising-National,576.04,0.00,TQSR - National Media Fee,0,
08/03/2026 - 08/06/2026,2016,14401.02,National Media Bank Entry,217000,Accrued Royalties,0.00,576.04,TQSR - National Media Bank Entry,0,
08/03/2026 - 08/06/2026,2016,14401.02,Corporate Advertising Fee,560001,Advertising-Production Fund,144.01,0.00,TQSR - Corporate Advertising Fee,0,
08/03/2026 - 08/06/2026,2016,14401.02,Corp Advertising Bank Acct Entry,217000,Accrued Royalties,0.00,144.01,TQSR - Corp Advertising Bank Acct Entry,0,
08/03/2026 - 08/06/2026,2017,13586.40,Royalty Fee,651000,Royalties,883.12,0.00,TQSR - Royalty Fee,0,
08/03/2026 - 08/06/2026,2017,13586.40,Royalties Bank Acct Entry,217000,Accrued Royalties,0.00,883.12,TQSR - Royalties Bank Acct Entry,0,
08/03/2026 - 08/06/2026,2017,13586.40,National Media Fee,560000,Advertising-National,543.46,0.00,TQSR - National Media Fee,0,
08/03/2026 - 08/06/2026,2017,13586.40,National Media Bank Entry,217000,Accrued Royalties,0.00,543.46,TQSR - National Media Bank Entry,0,
08/03/2026 - 08/06/2026,2017,13586.40,Corporate Advertising Fee,560001,Advertising-Production Fund,135.86,0.00,TQSR - Corporate Advertising Fee,0,
08/03/2026 - 08/06/2026,2017,13586.40,Corp Advertising Bank Acct Entry,217000,Accrued Royalties,0.00,135.86,TQSR - Corp Advertising Bank Acct Entry,0,
08/03/2026 - 08/06/2026,2020,13588.54,Royalty Fee,651000,Royalties,883.26,0.00,TQSR - Royalty Fee,0,
08/03/2026 - 08/06/2026,2020,13588.54,Royalties Bank Acct Entry,217000,Accrued Royalties,0.00,883.26,TQSR - Royalties Bank Acct Entry,0,
08/03/2026 - 08/06/2026,2020,13588.54,National Media Fee,560000,Advertising-National,543.54,0.00,TQSR - National Media Fee,0,
08/03/2026 - 08/06/2026,2020,13588.54,National Media Bank Entry,217000,Accrued Royalties,0.00,543.54,TQSR - National Media Bank Entry,0,
08/03/2026 - 08/06/2026,2020,13588.54,Corporate Advertising Fee,560001,Advertising-Production Fund,135.89,0.00,TQSR - Corporate Advertising Fee,0,
08/03/2026 - 08/06/2026,2020,13588.54,Corp Advertising Bank Acct Entry,217000,Accrued Royalties,0.00,135.89,TQSR - Corp Advertising Bank Acct Entry,0,
08/03/2026 - 08/06/2026,2023,15306.82,Royalty Fee,651000,Royalties,994.94,0.00,TQSR - Royalty Fee,0,
08/03/2026 - 08/06/2026,2023,15306.82,Royalties Bank Acct Entry,217000,Accrued Royalties,0.00,994.94,TQSR - Royalties Bank Acct Entry,0,
08/03/2026 - 08/06/2026,2023,15306.82,National Media Fee,560000,Advertising-National,612.27,0.00,TQSR - National Media Fee,0,
08/03/2026 - 08/06/2026,2023,15306.82,National Media Bank Entry,217000,Accrued Royalties,0.00,612.27,TQSR - National Media Bank Entry,0,
08/03/2026 - 08/06/2026,2023,15306.82,Corporate Advertising Fee,560001,Advertising-Production Fund,153.07,0.00,TQSR - Corporate Advertising Fee,0,
08/03/2026 - 08/06/2026,2023,15306.82,Corp Advertising Bank Acct Entry,217000,Accrued Royalties,0.00,153.07,TQSR - Corp Advertising Bank Acct Entry,0,
08/03/2026 - 08/06/2026,2024,12268.12,Royalty Fee,651000,Royalties,797.43,0.00,TQSR - Royalty Fee,0,
08/03/2026 - 08/06/2026,2024,12268.12,Royalties Bank Acct Entry,217000,Accrued Royalties,0.00,797.43,TQSR - Royalties Bank Acct Entry,0,
08/03/2026 - 08/06/2026,2024,12268.12,National Media Fee,560000,Advertising-National,490.72,0.00,TQSR - National Media Fee,0,
08/03/2026 - 08/06/2026,2024,12268.12,National Media Bank Entry,217000,Accrued Royalties,0.00,490.72,TQSR - National Media Bank Entry,0,
08/03/2026 - 08/06/2026,2024,12268.12,Corporate Advertising Fee,560001,Advertising-Production Fund,122.68,0.00,TQSR - Corporate Advertising Fee,0,
08/03/2026 - 08/06/2026,2024,12268.12,Corp Advertising Bank Acct Entry,217000,Accrued Royalties,0.00,122.68,TQSR - Corp Advertising Bank Acct Entry,0,
08/03/2026 - 08/06/2026,2047,12976.08,Royalty Fee,651000,Royalties,843.45,0.00,TQSR - Royalty Fee,0,
08/03/2026 - 08/06/2026,2047,12976.08,Royalties Bank Acct Entry,217000,Accrued Royalties,0.00,843.45,TQSR - Royalties Bank Acct Entry,0,
08/03/2026 - 08/06/2026,2047,12976.08,National Media Fee,560000,Advertising-National,519.04,0.00,TQSR - National Media Fee,0,
08/03/2026 - 08/06/2026,2047,12976.08,National Media Bank Entry,217000,Accrued Royalties,0.00,519.04,TQSR - National Media Bank Entry,0,
08/03/2026 - 08/06/2026,2047,12976.08,Corporate Advertising Fee,560001,Advertising-Production Fund,129.76,0.00,TQSR - Corporate Advertising Fee,0,
08/03/2026 - 08/06/2026,2047,12976.08,Corp Advertising Bank Acct Entry,217000,Accrued Royalties,0.00,129.76,TQSR - Corp Advertising Bank Acct Entry,0,
08/03/2026 - 08/06/2026,4003,18510.86,Royalty Fee,651000,Royalties,1203.21,0.00,TQSR - Royalty Fee,0,
08/03/2026 - 08/06/2026,4003,18510.86,Royalties Bank Acct Entry,217000,Accrued Royalties,0.00,1203.21,TQSR - Royalties Bank Acct Entry,0,
08/03/2026 - 08/06/2026,4003,18510.86,National Media Fee,560000,Advertising-National,740.43,0.00,TQSR - National Media Fee,0,
08/03/2026 - 08/06/2026,4003,18510.86,National Media Bank Entry,217000,Accrued Royalties,0.00,740.43,TQSR - National Media Bank Entry,0,
08/03/2026 - 08/06/2026,4003,18510.86,Corporate Advertising Fee,560001,Advertising-Production Fund,185.11,0.00,TQSR - Corporate Advertising Fee,0,
08/03/2026 - 08/06/2026,4003,18510.86,Corp Advertising Bank Acct Entry,217000,Accrued Royalties,0.00,185.11,TQSR - Corp Advertising Bank Acct Entry,0,
08/03/2026 - 08/06/2026,4004,17044.16,Royalty Fee,651000,Royalties,1107.87,0.00,TQSR - Royalty Fee,0,
08/03/2026 - 08/06/2026,4004,17044.16,Royalties Bank Acct Entry,217000,Accrued Royalties,0.00,1107.87,TQSR - Royalties Bank Acct Entry,0,
08/03/2026 - 08/06/2026,4004,17044.16,National Media Fee,560000,Advertising-National,681.77,0.00,TQSR - National Media Fee,0,
08/03/2026 - 08/06/2026,4004,17044.16,National Media Bank Entry,217000,Accrued Royalties,0.00,681.77,TQSR - National Media Bank Entry,0,
08/03/2026 - 08/06/2026,4004,17044.16,Corporate Advertising Fee,560001,Advertising-Production Fund,170.44,0.00,TQSR - Corporate Advertising Fee,0,
08/03/2026 - 08/06/2026,4004,17044.16,Corp Advertising Bank Acct Entry,217000,Accrued Royalties,0.00,170.44,TQSR - Corp Advertising Bank Acct Entry,0,
08/03/2026 - 08/06/2026,4005,17143.91,Royalty Fee,651000,Royalties,1114.35,0.00,TQSR - Royalty Fee,0,
08/03/2026 - 08/06/2026,4005,17143.91,Royalties Bank Acct Entry,217000,Accrued Royalties,0.00,1114.35,TQSR - Royalties Bank Acct Entry,0,
08/03/2026 - 08/06/2026,4005,17143.91,National Media Fee,560000,Advertising-National,685.76,0.00,TQSR - National Media Fee,0,
08/03/2026 - 08/06/2026,4005,17143.91,National Media Bank Entry,217000,Accrued Royalties,0.00,685.76,TQSR - National Media Bank Entry,0,
08/03/2026 - 08/06/2026,4005,17143.91,Corporate Advertising Fee,560001,Advertising-Production Fund,171.44,0.00,TQSR - Corporate Advertising Fee,0,
08/03/2026 - 08/06/2026,4005,17143.91,Corp Advertising Bank Acct Entry,217000,Accrued Royalties,0.00,171.44,TQSR - Corp Advertising Bank Acct Entry,0,
08/03/2026 - 08/06/2026,4008,12499.00,Royalty Fee,651000,Royalties,812.44,0.00,TQSR - Royalty Fee,0,
08/03/2026 - 08/06/2026,4008,12499.00,Royalties Bank Acct Entry,217000,Accrued Royalties,0.00,812.44,TQSR - Royalties Bank Acct Entry,0,
08/03/2026 - 08/06/2026,4008,12499.00,National Media Fee,560000,Advertising-National,499.96,0.00,TQSR - National Media Fee,0,
08/03/2026 - 08/06/2026,4008,12499.00,National Media Bank Entry,217000,Accrued Royalties,0.00,499.96,TQSR - National Media Bank Entry,0,
08/03/2026 - 08/06/2026,4008,12499.00,Corporate Advertising Fee,560001,Advertising-Production Fund,124.99,0.00,TQSR - Corporate Advertising Fee,0,
08/03/2026 - 08/06/2026,4008,12499.00,Corp Advertising Bank Acct Entry,217000,Accrued Royalties,0.00,124.99,TQSR - Corp Advertising Bank Acct Entry,0,
08/03/2026 - 08/06/2026,4009,11462.71,Royalty Fee,651000,Royalties,745.08,0.00,TQSR - Royalty Fee,0,
08/03/2026 - 08/06/2026,4009,11462.71,Royalties Bank Acct Entry,217000,Accrued Royalties,0.00,745.08,TQSR - Royalties Bank Acct Entry,0,
08/03/2026 - 08/06/2026,4009,11462.71,National Media Fee,560000,Advertising-National,458.51,0.00,TQSR - National Media Fee,0,
08/03/2026 - 08/06/2026,4009,11462.71,National Media Bank Entry,217000,Accrued Royalties,0.00,458.51,TQSR - National Media Bank Entry,0,
08/03/2026 - 08/06/2026,4009,11462.71,Corporate Advertising Fee,560001,Advertising-Production Fund,114.63,0.00,TQSR - Corporate Advertising Fee,0,
08/03/2026 - 08/06/2026,4009,11462.71,Corp Advertising Bank Acct Entry,217000,Accrued Royalties,0.00,114.63,TQSR - Corp Advertising Bank Acct Entry,0,
08/03/2026 - 08/06/2026,4010,10689.56,Royalty Fee,651000,Royalties,694.82,0.00,TQSR - Royalty Fee,0,
08/03/2026 - 08/06/2026,4010,10689.56,Royalties Bank Acct Entry,217000,Accrued Royalties,0.00,694.82,TQSR - Royalties Bank Acct Entry,0,
08/03/2026 - 08/06/2026,4010,10689.56,National Media Fee,560000,Advertising-National,427.58,0.00,TQSR - National Media Fee,0,
08/03/2026 - 08/06/2026,4010,10689.56,National Media Bank Entry,217000,Accrued Royalties,0.00,427.58,TQSR - National Media Bank Entry,0,
08/03/2026 - 08/06/2026,4010,10689.56,Corporate Advertising Fee,560001,Advertising-Production Fund,106.90,0.00,TQSR - Corporate Advertising Fee,0,
08/03/2026 - 08/06/2026,4010,10689.56,Corp Advertising Bank Acct Entry,217000,Accrued Royalties,0.00,106.90,TQSR - Corp Advertising Bank Acct Entry,0,
08/03/2026 - 08/06/2026,4015,12901.02,Royalty Fee,651000,Royalties,838.57,0.00,TQSR - Royalty Fee,0,
08/03/2026 - 08/06/2026,4015,12901.02,Royalties Bank Acct Entry,217000,Accrued Royalties,0.00,838.57,TQSR - Royalties Bank Acct Entry,0,
08/03/2026 - 08/06/2026,4015,12901.02,National Media Fee,560000,Advertising-National,516.04,0.00,TQSR - National Media Fee,0,
08/03/2026 - 08/06/2026,4015,12901.02,National Media Bank Entry,217000,Accrued Royalties,0.00,516.04,TQSR - National Media Bank Entry,0,
08/03/2026 - 08/06/2026,4015,12901.02,Corporate Advertising Fee,560001,Advertising-Production Fund,129.01,0.00,TQSR - Corporate Advertising Fee,0,
08/03/2026 - 08/06/2026,4015,12901.02,Corp Advertising Bank Acct Entry,217000,Accrued Royalties,0.00,129.01,TQSR - Corp Advertising Bank Acct Entry,0,
08/03/2026 - 08/06/2026,4021,14464.47,Royalty Fee,651000,Royalties,940.19,0.00,TQSR - Royalty Fee,0,
08/03/2026 - 08/06/2026,4021,14464.47,Royalties Bank Acct Entry,217000,Accrued Royalties,0.00,940.19,TQSR - Royalties Bank Acct Entry,0,
08/03/2026 - 08/06/2026,4021,14464.47,National Media Fee,560000,Advertising-National,578.58,0.00,TQSR - National Media Fee,0,
08/03/2026 - 08/06/2026,4021,14464.47,National Media Bank Entry,217000,Accrued Royalties,0.00,578.58,TQSR - National Media Bank Entry,0,
08/03/2026 - 08/06/2026,4021,14464.47,Corporate Advertising Fee,560001,Advertising-Production Fund,144.64,0.00,TQSR - Corporate Advertising Fee,0,
08/03/2026 - 08/06/2026,4021,14464.47,Corp Advertising Bank Acct Entry,217000,Accrued Royalties,0.00,144.64,TQSR - Corp Advertising Bank Acct Entry,0,
08/03/2026 - 08/06/2026,4025,13422.81,Royalty Fee,651000,Royalties,872.48,0.00,TQSR - Royalty Fee,0,
08/03/2026 - 08/06/2026,4025,13422.81,Royalties Bank Acct Entry,217000,Accrued Royalties,0.00,872.48,TQSR - Royalties Bank Acct Entry,0,
08/03/2026 - 08/06/2026,4025,13422.81,National Media Fee,560000,Advertising-National,536.91,0.00,TQSR - National Media Fee,0,
08/03/2026 - 08/06/2026,4025,13422.81,National Media Bank Entry,217000,Accrued Royalties,0.00,536.91,TQSR - National Media Bank Entry,0,
08/03/2026 - 08/06/2026,4025,13422.81,Corporate Advertising Fee,560001,Advertising-Production Fund,134.23,0.00,TQSR - Corporate Advertising Fee,0,
08/03/2026 - 08/06/2026,4025,13422.81,Corp Advertising Bank Acct Entry,217000,Accrued Royalties,0.00,134.23,TQSR - Corp Advertising Bank Acct Entry,0,
08/03/2026 - 08/06/2026,4027,17620.66,Royalty Fee,651000,Royalties,1145.34,0.00,TQSR - Royalty Fee,0,
08/03/2026 - 08/06/2026,4027,17620.66,Royalties Bank Acct Entry,217000,Accrued Royalties,0.00,1145.34,TQSR - Royalties Bank Acct Entry,0,
08/03/2026 - 08/06/2026,4027,17620.66,National Media Fee,560000,Advertising-National,704.83,0.00,TQSR - National Media Fee,0,
08/03/2026 - 08/06/2026,4027,17620.66,National Media Bank Entry,217000,Accrued Royalties,0.00,704.83,TQSR - National Media Bank Entry,0,
08/03/2026 - 08/06/2026,4027,17620.66,Corporate Advertising Fee,560001,Advertising-Production Fund,176.21,0.00,TQSR - Corporate Advertising Fee,0,
08/03/2026 - 08/06/2026,4027,17620.66,Corp Advertising Bank Acct Entry,217000,Accrued Royalties,0.00,176.21,TQSR - Corp Advertising Bank Acct Entry,0,
08/03/2026 - 08/06/2026,4034,14571.86,Royalty Fee,651000,Royalties,947.17,0.00,TQSR - Royalty Fee,0,
08/03/2026 - 08/06/2026,4034,14571.86,Royalties Bank Acct Entry,217000,Accrued Royalties,0.00,947.17,TQSR - Royalties Bank Acct Entry,0,
08/03/2026 - 08/06/2026,4034,14571.86,National Media Fee,560000,Advertising-National,582.87,0.00,TQSR - National Media Fee,0,
08/03/2026 - 08/06/2026,4034,14571.86,National Media Bank Entry,217000,Accrued Royalties,0.00,582.87,TQSR - National Media Bank Entry,0,
08/03/2026 - 08/06/2026,4034,14571.86,Corporate Advertising Fee,560001,Advertising-Production Fund,145.72,0.00,TQSR - Corporate Advertising Fee,0,
08/03/2026 - 08/06/2026,4034,14571.86,Corp Advertising Bank Acct Entry,217000,Accrued Royalties,0.00,145.72,TQSR - Corp Advertising Bank Acct Entry,0,
08/03/2026 - 08/06/2026,4036,17991.03,Royalty Fee,651000,Royalties,1169.42,0.00,TQSR - Royalty Fee,0,
08/03/2026 - 08/06/2026,4036,17991.03,Royalties Bank Acct Entry,217000,Accrued Royalties,0.00,1169.42,TQSR - Royalties Bank Acct Entry,0,
08/03/2026 - 08/06/2026,4036,17991.03,National Media Fee,560000,Advertising-National,719.64,0.00,TQSR - National Media Fee,0,
08/03/2026 - 08/06/2026,4036,17991.03,National Media Bank Entry,217000,Accrued Royalties,0.00,719.64,TQSR - National Media Bank Entry,0,
08/03/2026 - 08/06/2026,4036,17991.03,Corporate Advertising Fee,560001,Advertising-Production Fund,179.91,0.00,TQSR - Corporate Advertising Fee,0,
08/03/2026 - 08/06/2026,4036,17991.03,Corp Advertising Bank Acct Entry,217000,Accrued Royalties,0.00,179.91,TQSR - Corp Advertising Bank Acct Entry,0,
08/03/2026 - 08/06/2026,4042,20666.30,Royalty Fee,651000,Royalties,1343.31,0.00,TQSR - Royalty Fee,0,
08/03/2026 - 08/06/2026,4042,20666.30,Royalties Bank Acct Entry,217000,Accrued Royalties,0.00,1343.31,TQSR - Royalties Bank Acct Entry,0,
08/03/2026 - 08/06/2026,4042,20666.30,National Media Fee,560000,Advertising-National,826.65,0.00,TQSR - National Media Fee,0,
08/03/2026 - 08/06/2026,4042,20666.30,National Media Bank Entry,217000,Accrued Royalties,0.00,826.65,TQSR - National Media Bank Entry,0,
08/03/2026 - 08/06/2026,4042,20666.30,Corporate Advertising Fee,560001,Advertising-Production Fund,206.66,0.00,TQSR - Corporate Advertising Fee,0,
08/03/2026 - 08/06/2026,4042,20666.30,Corp Advertising Bank Acct Entry,217000,Accrued Royalties,0.00,206.66,TQSR - Corp Advertising Bank Acct Entry,0,
08/03/2026 - 08/06/2026,4052,19652.27,Royalty Fee,651000,Royalties,1277.40,0.00,TQSR - Royalty Fee,0,
08/03/2026 - 08/06/2026,4052,19652.27,Royalties Bank Acct Entry,217000,Accrued Royalties,0.00,1277.40,TQSR - Royalties Bank Acct Entry,0,
08/03/2026 - 08/06/2026,4052,19652.27,National Media Fee,560000,Advertising-National,786.09,0.00,TQSR - National Media Fee,0,
08/03/2026 - 08/06/2026,4052,19652.27,National Media Bank Entry,217000,Accrued Royalties,0.00,786.09,TQSR - National Media Bank Entry,0,
08/03/2026 - 08/06/2026,4052,19652.27,Corporate Advertising Fee,560001,Advertising-Production Fund,196.52,0.00,TQSR - Corporate Advertising Fee,0,
08/03/2026 - 08/06/2026,4052,19652.27,Corp Advertising Bank Acct Entry,217000,Accrued Royalties,0.00,196.52,TQSR - Corp Advertising Bank Acct Entry,0,
08/03/2026 - 08/06/2026,4061,13750.08,Royalty Fee,651000,Royalties,893.76,0.00,TQSR - Royalty Fee,0,
08/03/2026 - 08/06/2026,4061,13750.08,Royalties Bank Acct Entry,217000,Accrued Royalties,0.00,893.76,TQSR - Royalties Bank Acct Entry,0,
08/03/2026 - 08/06/2026,4061,13750.08,National Media Fee,560000,Advertising-National,550.00,0.00,TQSR - National Media Fee,0,
08/03/2026 - 08/06/2026,4061,13750.08,National Media Bank Entry,217000,Accrued Royalties,0.00,550.00,TQSR - National Media Bank Entry,0,
08/03/2026 - 08/06/2026,4061,13750.08,Corporate Advertising Fee,560001,Advertising-Production Fund,137.50,0.00,TQSR - Corporate Advertising Fee,0,
08/03/2026 - 08/06/2026,4061,13750.08,Corp Advertising Bank Acct Entry,217000,Accrued Royalties,0.00,137.50,TQSR - Corp Advertising Bank Acct Entry,0,
08/03/2026 - 08/06/2026,4074,12099.81,Royalty Fee,651000,Royalties,786.49,0.00,TQSR - Royalty Fee,0,
08/03/2026 - 08/06/2026,4074,12099.81,Royalties Bank Acct Entry,217000,Accrued Royalties,0.00,786.49,TQSR - Royalties Bank Acct Entry,0,
08/03/2026 - 08/06/2026,4074,12099.81,National Media Fee,560000,Advertising-National,483.99,0.00,TQSR - National Media Fee,0,
08/03/2026 - 08/06/2026,4074,12099.81,National Media Bank Entry,217000,Accrued Royalties,0.00,483.99,TQSR - National Media Bank Entry,0,
08/03/2026 - 08/06/2026,4074,12099.81,Corporate Advertising Fee,560001,Advertising-Production Fund,121.00,0.00,TQSR - Corporate Advertising Fee,0,
08/03/2026 - 08/06/2026,4074,12099.81,Corp Advertising Bank Acct Entry,217000,Accrued Royalties,0.00,121.00,TQSR - Corp Advertising Bank Acct Entry,0,
08/03/2026 - 08/06/2026,5042,13530.30,Royalty Fee,651000,Royalties,879.47,0.00,TQSR - Royalty Fee,0,
08/03/2026 - 08/06/2026,5042,13530.30,Royalties Bank Acct Entry,217000,Accrued Royalties,0.00,879.47,TQSR - Royalties Bank Acct Entry,0,
08/03/2026 - 08/06/2026,5042,13530.30,National Media Fee,560000,Advertising-National,541.21,0.00,TQSR - National Media Fee,0,
08/03/2026 - 08/06/2026,5042,13530.30,National Media Bank Entry,217000,Accrued Royalties,0.00,541.21,TQSR - National Media Bank Entry,0,
08/03/2026 - 08/06/2026,5042,13530.30,Corporate Advertising Fee,560001,Advertising-Production Fund,135.30,0.00,TQSR - Corporate Advertising Fee,0,
08/03/2026 - 08/06/2026,5042,13530.30,Corp Advertising Bank Acct Entry,217000,Accrued Royalties,0.00,135.30,TQSR - Corp Advertising Bank Acct Entry,0,
08/03/2026 - 08/06/2026,5043,22609.80,Royalty Fee,651000,Royalties,1469.64,0.00,TQSR - Royalty Fee,0,
08/03/2026 - 08/06/2026,5043,22609.80,Royalties Bank Acct Entry,217000,Accrued Royalties,0.00,1469.64,TQSR - Royalties Bank Acct Entry,0,
08/03/2026 - 08/06/2026,5043,22609.80,National Media Fee,560000,Advertising-National,904.39,0.00,TQSR - National Media Fee,0,
08/03/2026 - 08/06/2026,5043,22609.80,National Media Bank Entry,217000,Accrued Royalties,0.00,904.39,TQSR - National Media Bank Entry,0,
08/03/2026 - 08/06/2026,5043,22609.80,Corporate Advertising Fee,560001,Advertising-Production Fund,226.10,0.00,TQSR - Corporate Advertising Fee,0,
08/03/2026 - 08/06/2026,5043,22609.80,Corp Advertising Bank Acct Entry,217000,Accrued Royalties,0.00,226.10,TQSR - Corp Advertising Bank Acct Entry,0,
08/03/2026 - 08/06/2026,5049,14037.17,Royalty Fee,651000,Royalties,912.42,0.00,TQSR - Royalty Fee,0,
08/03/2026 - 08/06/2026,5049,14037.17,Royalties Bank Acct Entry,217000,Accrued Royalties,0.00,912.42,TQSR - Royalties Bank Acct Entry,0,
08/03/2026 - 08/06/2026,5049,14037.17,National Media Fee,560000,Advertising-National,561.49,0.00,TQSR - National Media Fee,0,
08/03/2026 - 08/06/2026,5049,14037.17,National Media Bank Entry,217000,Accrued Royalties,0.00,561.49,TQSR - National Media Bank Entry,0,
08/03/2026 - 08/06/2026,5049,14037.17,Corporate Advertising Fee,560001,Advertising-Production Fund,140.37,0.00,TQSR - Corporate Advertising Fee,0,
08/03/2026 - 08/06/2026,5049,14037.17,Corp Advertising Bank Acct Entry,217000,Accrued Royalties,0.00,140.37,TQSR - Corp Advertising Bank Acct Entry,0,
08/03/2026 - 08/06/2026,5051,14346.66,Royalty Fee,651000,Royalties,932.53,0.00,TQSR - Royalty Fee,0,
08/03/2026 - 08/06/2026,5051,14346.66,Royalties Bank Acct Entry,217000,Accrued Royalties,0.00,932.53,TQSR - Royalties Bank Acct Entry,0,
08/03/2026 - 08/06/2026,5051,14346.66,National Media Fee,560000,Advertising-National,573.87,0.00,TQSR - National Media Fee,0,
08/03/2026 - 08/06/2026,5051,14346.66,National Media Bank Entry,217000,Accrued Royalties,0.00,573.87,TQSR - National Media Bank Entry,0,
08/03/2026 - 08/06/2026,5051,14346.66,Corporate Advertising Fee,560001,Advertising-Production Fund,143.47,0.00,TQSR - Corporate Advertising Fee,0,
08/03/2026 - 08/06/2026,5051,14346.66,Corp Advertising Bank Acct Entry,217000,Accrued Royalties,0.00,143.47,TQSR - Corp Advertising Bank Acct Entry,0,
08/03/2026 - 08/06/2026,5057,15041.45,Royalty Fee,651000,Royalties,977.69,0.00,TQSR - Royalty Fee,0,
08/03/2026 - 08/06/2026,5057,15041.45,Royalties Bank Acct Entry,217000,Accrued Royalties,0.00,977.69,TQSR - Royalties Bank Acct Entry,0,
08/03/2026 - 08/06/2026,5057,15041.45,National Media Fee,560000,Advertising-National,601.66,0.00,TQSR - National Media Fee,0,
08/03/2026 - 08/06/2026,5057,15041.45,National Media Bank Entry,217000,Accrued Royalties,0.00,601.66,TQSR - National Media Bank Entry,0,
08/03/2026 - 08/06/2026,5057,15041.45,Corporate Advertising Fee,560001,Advertising-Production Fund,150.41,0.00,TQSR - Corporate Advertising Fee,0,
08/03/2026 - 08/06/2026,5057,15041.45,Corp Advertising Bank Acct Entry,217000,Accrued Royalties,0.00,150.41,TQSR - Corp Advertising Bank Acct Entry,0,
08/03/2026 - 08/06/2026,5059,11283.55,Royalty Fee,651000,Royalties,733.43,0.00,TQSR - Royalty Fee,0,
08/03/2026 - 08/06/2026,5059,11283.55,Royalties Bank Acct Entry,217000,Accrued Royalties,0.00,733.43,TQSR - Royalties Bank Acct Entry,0,
08/03/2026 - 08/06/2026,5059,11283.55,National Media Fee,560000,Advertising-National,451.34,0.00,TQSR - National Media Fee,0,
08/03/2026 - 08/06/2026,5059,11283.55,National Media Bank Entry,217000,Accrued Royalties,0.00,451.34,TQSR - National Media Bank Entry,0,
08/03/2026 - 08/06/2026,5059,11283.55,Corporate Advertising Fee,560001,Advertising-Production Fund,112.84,0.00,TQSR - Corporate Advertising Fee,0,
08/03/2026 - 08/06/2026,5059,11283.55,Corp Advertising Bank Acct Entry,217000,Accrued Royalties,0.00,112.84,TQSR - Corp Advertising Bank Acct Entry,0,
08/03/2026 - 08/06/2026,5062,10631.13,Royalty Fee,651000,Royalties,691.02,0.00,TQSR - Royalty Fee,0,
08/03/2026 - 08/06/2026,5062,10631.13,Royalties Bank Acct Entry,217000,Accrued Royalties,0.00,691.02,TQSR - Royalties Bank Acct Entry,0,
08/03/2026 - 08/06/2026,5062,10631.13,National Media Fee,560000,Advertising-National,425.25,0.00,TQSR - National Media Fee,0,
08/03/2026 - 08/06/2026,5062,10631.13,National Media Bank Entry,217000,Accrued Royalties,0.00,425.25,TQSR - National Media Bank Entry,0,
08/03/2026 - 08/06/2026,5062,10631.13,Corporate Advertising Fee,560001,Advertising-Production Fund,106.31,0.00,TQSR - Corporate Advertising Fee,0,
08/03/2026 - 08/06/2026,5062,10631.13,Corp Advertising Bank Acct Entry,217000,Accrued Royalties,0.00,106.31,TQSR - Corp Advertising Bank Acct Entry,0,
08/03/2026 - 08/06/2026,5101,11410.65,Royalty Fee,651000,Royalties,741.69,0.00,TQSR - Royalty Fee,0,
08/03/2026 - 08/06/2026,5101,11410.65,Royalties Bank Acct Entry,217000,Accrued Royalties,0.00,741.69,TQSR - Royalties Bank Acct Entry,0,
08/03/2026 - 08/06/2026,5101,11410.65,National Media Fee,560000,Advertising-National,456.43,0.00,TQSR - National Media Fee,0,
08/03/2026 - 08/06/2026,5101,11410.65,National Media Bank Entry,217000,Accrued Royalties,0.00,456.43,TQSR - National Media Bank Entry,0,
08/03/2026 - 08/06/2026,5101,11410.65,Corporate Advertising Fee,560001,Advertising-Production Fund,114.11,0.00,TQSR - Corporate Advertising Fee,0,
08/03/2026 - 08/06/2026,5101,11410.65,Corp Advertising Bank Acct Entry,217000,Accrued Royalties,0.00,114.11,TQSR - Corp Advertising Bank Acct Entry,0,
08/03/2026 - 08/06/2026,5112,11743.12,Royalty Fee,651000,Royalties,763.30,0.00,TQSR - Royalty Fee,0,
08/03/2026 - 08/06/2026,5112,11743.12,Royalties Bank Acct Entry,217000,Accrued Royalties,0.00,763.30,TQSR - Royalties Bank Acct Entry,0,
08/03/2026 - 08/06/2026,5112,11743.12,National Media Fee,560000,Advertising-National,469.72,0.00,TQSR - National Media Fee,0,
08/03/2026 - 08/06/2026,5112,11743.12,National Media Bank Entry,217000,Accrued Royalties,0.00,469.72,TQSR - National Media Bank Entry,0,
08/03/2026 - 08/06/2026,5112,11743.12,Corporate Advertising Fee,560001,Advertising-Production Fund,117.43,0.00,TQSR - Corporate Advertising Fee,0,
08/03/2026 - 08/06/2026,5112,11743.12,Corp Advertising Bank Acct Entry,217000,Accrued Royalties,0.00,117.43,TQSR - Corp Advertising Bank Acct Entry,0,
08/03/2026 - 08/06/2026,5127,14625.40,Royalty Fee,651000,Royalties,950.65,0.00,TQSR - Royalty Fee,0,
08/03/2026 - 08/06/2026,5127,14625.40,Royalties Bank Acct Entry,217000,Accrued Royalties,0.00,950.65,TQSR - Royalties Bank Acct Entry,0,
08/03/2026 - 08/06/2026,5127,14625.40,National Media Fee,560000,Advertising-National,585.02,0.00,TQSR - National Media Fee,0,
08/03/2026 - 08/06/2026,5127,14625.40,National Media Bank Entry,217000,Accrued Royalties,0.00,585.02,TQSR - National Media Bank Entry,0,
08/03/2026 - 08/06/2026,5127,14625.40,Corporate Advertising Fee,560001,Advertising-Production Fund,146.25,0.00,TQSR - Corporate Advertising Fee,0,
08/03/2026 - 08/06/2026,5127,14625.40,Corp Advertising Bank Acct Entry,217000,Accrued Royalties,0.00,146.25,TQSR - Corp Advertising Bank Acct Entry,0,
08/03/2026 - 08/06/2026,6021,13714.74,Royalty Fee,651000,Royalties,891.46,0.00,TQSR - Royalty Fee,0,
08/03/2026 - 08/06/2026,6021,13714.74,Royalties Bank Acct Entry,217000,Accrued Royalties,0.00,891.46,TQSR - Royalties Bank Acct Entry,0,
08/03/2026 - 08/06/2026,6021,13714.74,National Media Fee,560000,Advertising-National,548.59,0.00,TQSR - National Media Fee,0,
08/03/2026 - 08/06/2026,6021,13714.74,National Media Bank Entry,217000,Accrued Royalties,0.00,548.59,TQSR - National Media Bank Entry,0,
08/03/2026 - 08/06/2026,6021,13714.74,Corporate Advertising Fee,560001,Advertising-Production Fund,137.15,0.00,TQSR - Corporate Advertising Fee,0,
08/03/2026 - 08/06/2026,6021,13714.74,Corp Advertising Bank Acct Entry,217000,Accrued Royalties,0.00,137.15,TQSR - Corp Advertising Bank Acct Entry,0,
08/03/2026 - 08/06/2026,6026,12551.25,Royalty Fee,651000,Royalties,815.83,0.00,TQSR - Royalty Fee,0,
08/03/2026 - 08/06/2026,6026,12551.25,Royalties Bank Acct Entry,217000,Accrued Royalties,0.00,815.83,TQSR - Royalties Bank Acct Entry,0,
08/03/2026 - 08/06/2026,6026,12551.25,National Media Fee,560000,Advertising-National,502.05,0.00,TQSR - National Media Fee,0,
08/03/2026 - 08/06/2026,6026,12551.25,National Media Bank Entry,217000,Accrued Royalties,0.00,502.05,TQSR - National Media Bank Entry,0,
08/03/2026 - 08/06/2026,6026,12551.25,Corporate Advertising Fee,560001,Advertising-Production Fund,125.51,0.00,TQSR - Corporate Advertising Fee,0,
08/03/2026 - 08/06/2026,6026,12551.25,Corp Advertising Bank Acct Entry,217000,Accrued Royalties,0.00,125.51,TQSR - Corp Advertising Bank Acct Entry,0,
08/03/2026 - 08/06/2026,6032,15858.67,Royalty Fee,651000,Royalties,1030.81,0.00,TQSR - Royalty Fee,0,
08/03/2026 - 08/06/2026,6032,15858.67,Royalties Bank Acct Entry,217000,Accrued Royalties,0.00,1030.81,TQSR - Royalties Bank Acct Entry,0,
08/03/2026 - 08/06/2026,6032,15858.67,National Media Fee,560000,Advertising-National,634.35,0.00,TQSR - National Media Fee,0,
08/03/2026 - 08/06/2026,6032,15858.67,National Media Bank Entry,217000,Accrued Royalties,0.00,634.35,TQSR - National Media Bank Entry,0,
08/03/2026 - 08/06/2026,6032,15858.67,Corporate Advertising Fee,560001,Advertising-Production Fund,158.59,0.00,TQSR - Corporate Advertising Fee,0,
08/03/2026 - 08/06/2026,6032,15858.67,Corp Advertising Bank Acct Entry,217000,Accrued Royalties,0.00,158.59,TQSR - Corp Advertising Bank Acct Entry,0,
08/03/2026 - 08/06/2026,6039,14670.99,Royalty Fee,651000,Royalties,953.61,0.00,TQSR - Royalty Fee,0,
08/03/2026 - 08/06/2026,6039,14670.99,Royalties Bank Acct Entry,217000,Accrued Royalties,0.00,953.61,TQSR - Royalties Bank Acct Entry,0,
08/03/2026 - 08/06/2026,6039,14670.99,National Media Fee,560000,Advertising-National,586.84,0.00,TQSR - National Media Fee,0,
08/03/2026 - 08/06/2026,6039,14670.99,National Media Bank Entry,217000,Accrued Royalties,0.00,586.84,TQSR - National Media Bank Entry,0,
08/03/2026 - 08/06/2026,6039,14670.99,Corporate Advertising Fee,560001,Advertising-Production Fund,146.71,0.00,TQSR - Corporate Advertising Fee,0,
08/03/2026 - 08/06/2026,6039,14670.99,Corp Advertising Bank Acct Entry,217000,Accrued Royalties,0.00,146.71,TQSR - Corp Advertising Bank Acct Entry,0,
08/03/2026 - 08/06/2026,6044,14617.43,Royalty Fee,651000,Royalties,950.13,0.00,TQSR - Royalty Fee,0,
08/03/2026 - 08/06/2026,6044,14617.43,Royalties Bank Acct Entry,217000,Accrued Royalties,0.00,950.13,TQSR - Royalties Bank Acct Entry,0,
08/03/2026 - 08/06/2026,6044,14617.43,National Media Fee,560000,Advertising-National,584.70,0.00,TQSR - National Media Fee,0,
08/03/2026 - 08/06/2026,6044,14617.43,National Media Bank Entry,217000,Accrued Royalties,0.00,584.70,TQSR - National Media Bank Entry,0,
08/03/2026 - 08/06/2026,6044,14617.43,Corporate Advertising Fee,560001,Advertising-Production Fund,146.17,0.00,TQSR - Corporate Advertising Fee,0,
08/03/2026 - 08/06/2026,6044,14617.43,Corp Advertising Bank Acct Entry,217000,Accrued Royalties,0.00,146.17,TQSR - Corp Advertising Bank Acct Entry,0,
08/03/2026 - 08/06/2026,6065,11107.30,Royalty Fee,651000,Royalties,721.97,0.00,TQSR - Royalty Fee,0,
08/03/2026 - 08/06/2026,6065,11107.30,Royalties Bank Acct Entry,217000,Accrued Royalties,0.00,721.97,TQSR - Royalties Bank Acct Entry,0,
08/03/2026 - 08/06/2026,6065,11107.30,National Media Fee,560000,Advertising-National,444.29,0.00,TQSR - National Media Fee,0,
08/03/2026 - 08/06/2026,6065,11107.30,National Media Bank Entry,217000,Accrued Royalties,0.00,444.29,TQSR - National Media Bank Entry,0,
08/03/2026 - 08/06/2026,6065,11107.30,Corporate Advertising Fee,560001,Advertising-Production Fund,111.07,0.00,TQSR - Corporate Advertising Fee,0,
08/03/2026 - 08/06/2026,6065,11107.30,Corp Advertising Bank Acct Entry,217000,Accrued Royalties,0.00,111.07,TQSR - Corp Advertising Bank Acct Entry,0,
08/03/2026 - 08/06/2026,6067,13492.65,Royalty Fee,651000,Royalties,877.02,0.00,TQSR - Royalty Fee,0,
08/03/2026 - 08/06/2026,6067,13492.65,Royalties Bank Acct Entry,217000,Accrued Royalties,0.00,877.02,TQSR - Royalties Bank Acct Entry,0,
08/03/2026 - 08/06/2026,6067,13492.65,National Media Fee,560000,Advertising-National,539.71,0.00,TQSR - National Media Fee,0,
08/03/2026 - 08/06/2026,6067,13492.65,National Media Bank Entry,217000,Accrued Royalties,0.00,539.71,TQSR - National Media Bank Entry,0,
08/03/2026 - 08/06/2026,6067,13492.65,Corporate Advertising Fee,560001,Advertising-Production Fund,134.93,0.00,TQSR - Corporate Advertising Fee,0,
08/03/2026 - 08/06/2026,6067,13492.65,Corp Advertising Bank Acct Entry,217000,Accrued Royalties,0.00,134.93,TQSR - Corp Advertising Bank Acct Entry,0,
08/03/2026 - 08/06/2026,6072,19723.43,Royalty Fee,651000,Royalties,1282.02,0.00,TQSR - Royalty Fee,0,
08/03/2026 - 08/06/2026,6072,19723.43,Royalties Bank Acct Entry,217000,Accrued Royalties,0.00,1282.02,TQSR - Royalties Bank Acct Entry,0,
08/03/2026 - 08/06/2026,6072,19723.43,National Media Fee,560000,Advertising-National,788.94,0.00,TQSR - National Media Fee,0,
08/03/2026 - 08/06/2026,6072,19723.43,National Media Bank Entry,217000,Accrued Royalties,0.00,788.94,TQSR - National Media Bank Entry,0,
08/03/2026 - 08/06/2026,6072,19723.43,Corporate Advertising Fee,560001,Advertising-Production Fund,197.23,0.00,TQSR - Corporate Advertising Fee,0,
08/03/2026 - 08/06/2026,6072,19723.43,Corp Advertising Bank Acct Entry,217000,Accrued Royalties,0.00,197.23,TQSR - Corp Advertising Bank Acct Entry,0,
08/03/2026 - 08/06/2026,6074,10721.67,Royalty Fee,651000,Royalties,696.91,0.00,TQSR - Royalty Fee,0,
08/03/2026 - 08/06/2026,6074,10721.67,Royalties Bank Acct Entry,217000,Accrued Royalties,0.00,696.91,TQSR - Royalties Bank Acct Entry,0,
08/03/2026 - 08/06/2026,6074,10721.67,National Media Fee,560000,Advertising-National,428.87,0.00,TQSR - National Media Fee,0,
08/03/2026 - 08/06/2026,6074,10721.67,National Media Bank Entry,217000,Accrued Royalties,0.00,428.87,TQSR - National Media Bank Entry,0,
08/03/2026 - 08/06/2026,6074,10721.67,Corporate Advertising Fee,560001,Advertising-Production Fund,107.22,0.00,TQSR - Corporate Advertising Fee,0,
08/03/2026 - 08/06/2026,6074,10721.67,Corp Advertising Bank Acct Entry,217000,Accrued Royalties,0.00,107.22,TQSR - Corp Advertising Bank Acct Entry,0,
08/03/2026 - 08/06/2026,6076,8618.04,Royalty Fee,651000,Royalties,560.17,0.00,TQSR - Royalty Fee,0,
08/03/2026 - 08/06/2026,6076,8618.04,Royalties Bank Acct Entry,217000,Accrued Royalties,0.00,560.17,TQSR - Royalties Bank Acct Entry,0,
08/03/2026 - 08/06/2026,6076,8618.04,National Media Fee,560000,Advertising-National,344.72,0.00,TQSR - National Media Fee,0,
08/03/2026 - 08/06/2026,6076,8618.04,National Media Bank Entry,217000,Accrued Royalties,0.00,344.72,TQSR - National Media Bank Entry,0,
08/03/2026 - 08/06/2026,6076,8618.04,Corporate Advertising Fee,560001,Advertising-Production Fund,86.18,0.00,TQSR - Corporate Advertising Fee,0,
08/03/2026 - 08/06/2026,6076,8618.04,Corp Advertising Bank Acct Entry,217000,Accrued Royalties,0.00,86.18,TQSR - Corp Advertising Bank Acct Entry,0,
08/03/2026 - 08/06/2026,6083,13956.22,Royalty Fee,651000,Royalties,907.15,0.00,TQSR - Royalty Fee,0,
08/03/2026 - 08/06/2026,6083,13956.22,Royalties Bank Acct Entry,217000,Accrued Royalties,0.00,907.15,TQSR - Royalties Bank Acct Entry,0,
08/03/2026 - 08/06/2026,6083,13956.22,National Media Fee,560000,Advertising-National,558.25,0.00,TQSR - National Media Fee,0,
08/03/2026 - 08/06/2026,6083,13956.22,National Media Bank Entry,217000,Accrued Royalties,0.00,558.25,TQSR - National Media Bank Entry,0,
08/03/2026 - 08/06/2026,6083,13956.22,Corporate Advertising Fee,560001,Advertising-Production Fund,139.56,0.00,TQSR - Corporate Advertising Fee,0,
08/03/2026 - 08/06/2026,6083,13956.22,Corp Advertising Bank Acct Entry,217000,Accrued Royalties,0.00,139.56,TQSR - Corp Advertising Bank Acct Entry,0,
08/03/2026 - 08/06/2026,6088,12432.86,Royalty Fee,651000,Royalties,808.14,0.00,TQSR - Royalty Fee,0,
08/03/2026 - 08/06/2026,6088,12432.86,Royalties Bank Acct Entry,217000,Accrued Royalties,0.00,808.14,TQSR - Royalties Bank Acct Entry,0,
08/03/2026 - 08/06/2026,6088,12432.86,National Media Fee,560000,Advertising-National,497.31,0.00,TQSR - National Media Fee,0,
08/03/2026 - 08/06/2026,6088,12432.86,National Media Bank Entry,217000,Accrued Royalties,0.00,497.31,TQSR - National Media Bank Entry,0,
08/03/2026 - 08/06/2026,6088,12432.86,Corporate Advertising Fee,560001,Advertising-Production Fund,124.33,0.00,TQSR - Corporate Advertising Fee,0,
08/03/2026 - 08/06/2026,6088,12432.86,Corp Advertising Bank Acct Entry,217000,Accrued Royalties,0.00,124.33,TQSR - Corp Advertising Bank Acct Entry,0,
08/03/2026 - 08/06/2026,6093,10120.83,Royalty Fee,651000,Royalties,657.85,0.00,TQSR - Royalty Fee,0,
08/03/2026 - 08/06/2026,6093,10120.83,Royalties Bank Acct Entry,217000,Accrued Royalties,0.00,657.85,TQSR - Royalties Bank Acct Entry,0,
08/03/2026 - 08/06/2026,6093,10120.83,National Media Fee,560000,Advertising-National,404.83,0.00,TQSR - National Media Fee,0,
08/03/2026 - 08/06/2026,6093,10120.83,National Media Bank Entry,217000,Accrued Royalties,0.00,404.83,TQSR - National Media Bank Entry,0,
08/03/2026 - 08/06/2026,6093,10120.83,Corporate Advertising Fee,560001,Advertising-Production Fund,101.21,0.00,TQSR - Corporate Advertising Fee,0,
08/03/2026 - 08/06/2026,6093,10120.83,Corp Advertising Bank Acct Entry,217000,Accrued Royalties,0.00,101.21,TQSR - Corp Advertising Bank Acct Entry,0,
08/03/2026 - 08/06/2026,6094,7242.22,Royalty Fee,651000,Royalties,470.74,0.00,TQSR - Royalty Fee,0,
08/03/2026 - 08/06/2026,6094,7242.22,Royalties Bank Acct Entry,217000,Accrued Royalties,0.00,470.74,TQSR - Royalties Bank Acct Entry,0,
08/03/2026 - 08/06/2026,6094,7242.22,National Media Fee,560000,Advertising-National,289.69,0.00,TQSR - National Media Fee,0,
08/03/2026 - 08/06/2026,6094,7242.22,National Media Bank Entry,217000,Accrued Royalties,0.00,289.69,TQSR - National Media Bank Entry,0,
08/03/2026 - 08/06/2026,6094,7242.22,Corporate Advertising Fee,560001,Advertising-Production Fund,72.42,0.00,TQSR - Corporate Advertising Fee,0,
08/03/2026 - 08/06/2026,6094,7242.22,Corp Advertising Bank Acct Entry,217000,Accrued Royalties,0.00,72.42,TQSR - Corp Advertising Bank Acct Entry,0,
08/03/2026 - 08/06/2026,6102,11505.14,Royalty Fee,651000,Royalties,747.83,0.00,TQSR - Royalty Fee,0,
08/03/2026 - 08/06/2026,6102,11505.14,Royalties Bank Acct Entry,217000,Accrued Royalties,0.00,747.83,TQSR - Royalties Bank Acct Entry,0,
08/03/2026 - 08/06/2026,6102,11505.14,National Media Fee,560000,Advertising-National,460.21,0.00,TQSR - National Media Fee,0,
08/03/2026 - 08/06/2026,6102,11505.14,National Media Bank Entry,217000,Accrued Royalties,0.00,460.21,TQSR - National Media Bank Entry,0,
08/03/2026 - 08/06/2026,6102,11505.14,Corporate Advertising Fee,560001,Advertising-Production Fund,115.05,0.00,TQSR - Corporate Advertising Fee,0,
08/03/2026 - 08/06/2026,6102,11505.14,Corp Advertising Bank Acct Entry,217000,Accrued Royalties,0.00,115.05,TQSR - Corp Advertising Bank Acct Entry,0,
08/03/2026 - 08/06/2026,7024,17318.70,Royalty Fee,651000,Royalties,1125.72,0.00,TQSR - Royalty Fee,0,
08/03/2026 - 08/06/2026,7024,17318.70,Royalties Bank Acct Entry,217000,Accrued Royalties,0.00,1125.72,TQSR - Royalties Bank Acct Entry,0,
08/03/2026 - 08/06/2026,7024,17318.70,National Media Fee,560000,Advertising-National,692.75,0.00,TQSR - National Media Fee,0,
08/03/2026 - 08/06/2026,7024,17318.70,National Media Bank Entry,217000,Accrued Royalties,0.00,692.75,TQSR - National Media Bank Entry,0,
08/03/2026 - 08/06/2026,7024,17318.70,Corporate Advertising Fee,560001,Advertising-Production Fund,173.19,0.00,TQSR - Corporate Advertising Fee,0,
08/03/2026 - 08/06/2026,7024,17318.70,Corp Advertising Bank Acct Entry,217000,Accrued Royalties,0.00,173.19,TQSR - Corp Advertising Bank Acct Entry,0,
08/03/2026 - 08/06/2026,7032,13510.41,Royalty Fee,651000,Royalties,878.18,0.00,TQSR - Royalty Fee,0,
08/03/2026 - 08/06/2026,7032,13510.41,Royalties Bank Acct Entry,217000,Accrued Royalties,0.00,878.18,TQSR - Royalties Bank Acct Entry,0,
08/03/2026 - 08/06/2026,7032,13510.41,National Media Fee,560000,Advertising-National,540.42,0.00,TQSR - National Media Fee,0,
08/03/2026 - 08/06/2026,7032,13510.41,National Media Bank Entry,217000,Accrued Royalties,0.00,540.42,TQSR - National Media Bank Entry,0,
08/03/2026 - 08/06/2026,7032,13510.41,Corporate Advertising Fee,560001,Advertising-Production Fund,135.10,0.00,TQSR - Corporate Advertising Fee,0,
08/03/2026 - 08/06/2026,7032,13510.41,Corp Advertising Bank Acct Entry,217000,Accrued Royalties,0.00,135.10,TQSR - Corp Advertising Bank Acct Entry,0,
08/03/2026 - 08/06/2026,7039,10464.25,Royalty Fee,651000,Royalties,680.18,0.00,TQSR - Royalty Fee,0,
08/03/2026 - 08/06/2026,7039,10464.25,Royalties Bank Acct Entry,217000,Accrued Royalties,0.00,680.18,TQSR - Royalties Bank Acct Entry,0,
08/03/2026 - 08/06/2026,7039,10464.25,National Media Fee,560000,Advertising-National,418.57,0.00,TQSR - National Media Fee,0,
08/03/2026 - 08/06/2026,7039,10464.25,National Media Bank Entry,217000,Accrued Royalties,0.00,418.57,TQSR - National Media Bank Entry,0,
08/03/2026 - 08/06/2026,7039,10464.25,Corporate Advertising Fee,560001,Advertising-Production Fund,104.64,0.00,TQSR - Corporate Advertising Fee,0,
08/03/2026 - 08/06/2026,7039,10464.25,Corp Advertising Bank Acct Entry,217000,Accrued Royalties,0.00,104.64,TQSR - Corp Advertising Bank Acct Entry,0,
08/03/2026 - 08/06/2026,7049,17560.58,Royalty Fee,651000,Royalties,1141.44,0.00,TQSR - Royalty Fee,0,
08/03/2026 - 08/06/2026,7049,17560.58,Royalties Bank Acct Entry,217000,Accrued Royalties,0.00,1141.44,TQSR - Royalties Bank Acct Entry,0,
08/03/2026 - 08/06/2026,7049,17560.58,National Media Fee,560000,Advertising-National,702.42,0.00,TQSR - National Media Fee,0,
08/03/2026 - 08/06/2026,7049,17560.58,National Media Bank Entry,217000,Accrued Royalties,0.00,702.42,TQSR - National Media Bank Entry,0,
08/03/2026 - 08/06/2026,7049,17560.58,Corporate Advertising Fee,560001,Advertising-Production Fund,175.61,0.00,TQSR - Corporate Advertising Fee,0,
08/03/2026 - 08/06/2026,7049,17560.58,Corp Advertising Bank Acct Entry,217000,Accrued Royalties,0.00,175.61,TQSR - Corp Advertising Bank Acct Entry,0,
08/03/2026 - 08/06/2026,7066,10707.93,Royalty Fee,651000,Royalties,696.02,0.00,TQSR - Royalty Fee,0,
08/03/2026 - 08/06/2026,7066,10707.93,Royalties Bank Acct Entry,217000,Accrued Royalties,0.00,696.02,TQSR - Royalties Bank Acct Entry,0,
08/03/2026 - 08/06/2026,7066,10707.93,National Media Fee,560000,Advertising-National,428.32,0.00,TQSR - National Media Fee,0,
08/03/2026 - 08/06/2026,7066,10707.93,National Media Bank Entry,217000,Accrued Royalties,0.00,428.32,TQSR - National Media Bank Entry,0,
08/03/2026 - 08/06/2026,7066,10707.93,Corporate Advertising Fee,560001,Advertising-Production Fund,107.08,0.00,TQSR - Corporate Advertising Fee,0,
08/03/2026 - 08/06/2026,7066,10707.93,Corp Advertising Bank Acct Entry,217000,Accrued Royalties,0.00,107.08,TQSR - Corp Advertising Bank Acct Entry,0,
08/03/2026 - 08/06/2026,13026,13290.51,Royalty Fee,651000,Royalties,863.88,0.00,TQSR - Royalty Fee,0,
08/03/2026 - 08/06/2026,13026,13290.51,Royalties Bank Acct Entry,217000,Accrued Royalties,0.00,863.88,TQSR - Royalties Bank Acct Entry,0,
08/03/2026 - 08/06/2026,13026,13290.51,National Media Fee,560000,Advertising-National,531.62,0.00,TQSR - National Media Fee,0,
08/03/2026 - 08/06/2026,13026,13290.51,National Media Bank Entry,217000,Accrued Royalties,0.00,531.62,TQSR - National Media Bank Entry,0,
08/03/2026 - 08/06/2026,13026,13290.51,Corporate Advertising Fee,560001,Advertising-Production Fund,132.91,0.00,TQSR - Corporate Advertising Fee,0,
08/03/2026 - 08/06/2026,13026,13290.51,Corp Advertising Bank Acct Entry,217000,Accrued Royalties,0.00,132.91,TQSR - Corp Advertising Bank Acct Entry,0,
08/03/2026 - 08/06/2026,13062,11758.46,Royalty Fee,651000,Royalties,764.30,0.00,TQSR - Royalty Fee,0,
08/03/2026 - 08/06/2026,13062,11758.46,Royalties Bank Acct Entry,217000,Accrued Royalties,0.00,764.30,TQSR - Royalties Bank Acct Entry,0,
08/03/2026 - 08/06/2026,13062,11758.46,National Media Fee,560000,Advertising-National,470.34,0.00,TQSR - National Media Fee,0,
08/03/2026 - 08/06/2026,13062,11758.46,National Media Bank Entry,217000,Accrued Royalties,0.00,470.34,TQSR - National Media Bank Entry,0,
08/03/2026 - 08/06/2026,13062,11758.46,Corporate Advertising Fee,560001,Advertising-Production Fund,117.58,0.00,TQSR - Corporate Advertising Fee,0,
08/03/2026 - 08/06/2026,13062,11758.46,Corp Advertising Bank Acct Entry,217000,Accrued Royalties,0.00,117.58,TQSR - Corp Advertising Bank Acct Entry,0,
08/03/2026 - 08/06/2026,13082,10444.53,Royalty Fee,651000,Royalties,678.89,0.00,TQSR - Royalty Fee,0,
08/03/2026 - 08/06/2026,13082,10444.53,Royalties Bank Acct Entry,217000,Accrued Royalties,0.00,678.89,TQSR - Royalties Bank Acct Entry,0,
08/03/2026 - 08/06/2026,13082,10444.53,National Media Fee,560000,Advertising-National,417.78,0.00,TQSR - National Media Fee,0,
08/03/2026 - 08/06/2026,13082,10444.53,National Media Bank Entry,217000,Accrued Royalties,0.00,417.78,TQSR - National Media Bank Entry,0,
08/03/2026 - 08/06/2026,13082,10444.53,Corporate Advertising Fee,560001,Advertising-Production Fund,104.45,0.00,TQSR - Corporate Advertising Fee,0,
08/03/2026 - 08/06/2026,13082,10444.53,Corp Advertising Bank Acct Entry,217000,Accrued Royalties,0.00,104.45,TQSR - Corp Advertising Bank Acct Entry,0,
08/03/2026 - 08/06/2026,13106,7839.76,Royalty Fee,651000,Royalties,509.58,0.00,TQSR - Royalty Fee,0,
08/03/2026 - 08/06/2026,13106,7839.76,Royalties Bank Acct Entry,217000,Accrued Royalties,0.00,509.58,TQSR - Royalties Bank Acct Entry,0,
08/03/2026 - 08/06/2026,13106,7839.76,National Media Fee,560000,Advertising-National,313.59,0.00,TQSR - National Media Fee,0,
08/03/2026 - 08/06/2026,13106,7839.76,National Media Bank Entry,217000,Accrued Royalties,0.00,313.59,TQSR - National Media Bank Entry,0,
08/03/2026 - 08/06/2026,13106,7839.76,Corporate Advertising Fee,560001,Advertising-Production Fund,78.40,0.00,TQSR - Corporate Advertising Fee,0,
08/03/2026 - 08/06/2026,13106,7839.76,Corp Advertising Bank Acct Entry,217000,Accrued Royalties,0.00,78.40,TQSR - Corp Advertising Bank Acct Entry,0,
08/03/2026 - 08/06/2026,13116,12912.36,Royalty Fee,651000,Royalties,839.30,0.00,TQSR - Royalty Fee,0,
08/03/2026 - 08/06/2026,13116,12912.36,Royalties Bank Acct Entry,217000,Accrued Royalties,0.00,839.30,TQSR - Royalties Bank Acct Entry,0,
08/03/2026 - 08/06/2026,13116,12912.36,National Media Fee,560000,Advertising-National,516.49,0.00,TQSR - National Media Fee,0,
08/03/2026 - 08/06/2026,13116,12912.36,National Media Bank Entry,217000,Accrued Royalties,0.00,516.49,TQSR - National Media Bank Entry,0,
08/03/2026 - 08/06/2026,13116,12912.36,Corporate Advertising Fee,560001,Advertising-Production Fund,129.12,0.00,TQSR - Corporate Advertising Fee,0,
08/03/2026 - 08/06/2026,13116,12912.36,Corp Advertising Bank Acct Entry,217000,Accrued Royalties,0.00,129.12,TQSR - Corp Advertising Bank Acct Entry,0,
08/03/2026 - 08/06/2026,13138,9651.65,Royalty Fee,651000,Royalties,627.36,0.00,TQSR - Royalty Fee,0,
08/03/2026 - 08/06/2026,13138,9651.65,Royalties Bank Acct Entry,217000,Accrued Royalties,0.00,627.36,TQSR - Royalties Bank Acct Entry,0,
08/03/2026 - 08/06/2026,13138,9651.65,National Media Fee,560000,Advertising-National,386.07,0.00,TQSR - National Media Fee,0,
08/03/2026 - 08/06/2026,13138,9651.65,National Media Bank Entry,217000,Accrued Royalties,0.00,386.07,TQSR - National Media Bank Entry,0,
08/03/2026 - 08/06/2026,13138,9651.65,Corporate Advertising Fee,560001,Advertising-Production Fund,96.52,0.00,TQSR - Corporate Advertising Fee,0,
08/03/2026 - 08/06/2026,13138,9651.65,Corp Advertising Bank Acct Entry,217000,Accrued Royalties,0.00,96.52,TQSR - Corp Advertising Bank Acct Entry,0,
08/03/2026 - 08/06/2026,13160,12788.77,Royalty Fee,651000,Royalties,831.27,0.00,TQSR - Royalty Fee,0,
08/03/2026 - 08/06/2026,13160,12788.77,Royalties Bank Acct Entry,217000,Accrued Royalties,0.00,831.27,TQSR - Royalties Bank Acct Entry,0,
08/03/2026 - 08/06/2026,13160,12788.77,National Media Fee,560000,Advertising-National,511.55,0.00,TQSR - National Media Fee,0,
08/03/2026 - 08/06/2026,13160,12788.77,National Media Bank Entry,217000,Accrued Royalties,0.00,511.55,TQSR - National Media Bank Entry,0,
08/03/2026 - 08/06/2026,13160,12788.77,Corporate Advertising Fee,560001,Advertising-Production Fund,127.89,0.00,TQSR - Corporate Advertising Fee,0,
08/03/2026 - 08/06/2026,13160,12788.77,Corp Advertising Bank Acct Entry,217000,Accrued Royalties,0.00,127.89,TQSR - Corp Advertising Bank Acct Entry,0,
08/03/2026 - 08/06/2026,13162,14205.87,Royalty Fee,651000,Royalties,923.38,0.00,TQSR - Royalty Fee,0,
08/03/2026 - 08/06/2026,13162,14205.87,Royalties Bank Acct Entry,217000,Accrued Royalties,0.00,923.38,TQSR - Royalties Bank Acct Entry,0,
08/03/2026 - 08/06/2026,13162,14205.87,National Media Fee,560000,Advertising-National,568.23,0.00,TQSR - National Media Fee,0,
08/03/2026 - 08/06/2026,13162,14205.87,National Media Bank Entry,217000,Accrued Royalties,0.00,568.23,TQSR - National Media Bank Entry,0,
08/03/2026 - 08/06/2026,13162,14205.87,Corporate Advertising Fee,560001,Advertising-Production Fund,142.06,0.00,TQSR - Corporate Advertising Fee,0,
08/03/2026 - 08/06/2026,13162,14205.87,Corp Advertising Bank Acct Entry,217000,Accrued Royalties,0.00,142.06,TQSR - Corp Advertising Bank Acct Entry,0,
08/03/2026 - 08/06/2026,13219,13233.29,Royalty Fee,651000,Royalties,860.16,0.00,TQSR - Royalty Fee,0,
08/03/2026 - 08/06/2026,13219,13233.29,Royalties Bank Acct Entry,217000,Accrued Royalties,0.00,860.16,TQSR - Royalties Bank Acct Entry,0,
08/03/2026 - 08/06/2026,13219,13233.29,National Media Fee,560000,Advertising-National,529.33,0.00,TQSR - National Media Fee,0,
08/03/2026 - 08/06/2026,13219,13233.29,National Media Bank Entry,217000,Accrued Royalties,0.00,529.33,TQSR - National Media Bank Entry,0,
08/03/2026 - 08/06/2026,13219,13233.29,Corporate Advertising Fee,560001,Advertising-Production Fund,132.33,0.00,TQSR - Corporate Advertising Fee,0,
08/03/2026 - 08/06/2026,13219,13233.29,Corp Advertising Bank Acct Entry,217000,Accrued Royalties,0.00,132.33,TQSR - Corp Advertising Bank Acct Entry,0,
08/03/2026 - 08/06/2026,37001,22269.65,Royalty Fee,651000,Royalties,1447.53,0.00,TQSR - Royalty Fee,0,
08/03/2026 - 08/06/2026,37001,22269.65,Royalties Bank Acct Entry,217000,Accrued Royalties,0.00,1447.53,TQSR - Royalties Bank Acct Entry,0,
08/03/2026 - 08/06/2026,37001,22269.65,National Media Fee,560000,Advertising-National,890.79,0.00,TQSR - National Media Fee,0,
08/03/2026 - 08/06/2026,37001,22269.65,National Media Bank Entry,217000,Accrued Royalties,0.00,890.79,TQSR - National Media Bank Entry,0,
08/03/2026 - 08/06/2026,37001,22269.65,Corporate Advertising Fee,560001,Advertising-Production Fund,222.70,0.00,TQSR - Corporate Advertising Fee,0,
08/03/2026 - 08/06/2026,37001,22269.65,Corp Advertising Bank Acct Entry,217000,Accrued Royalties,0.00,222.70,TQSR - Corp Advertising Bank Acct Entry,0,
08/03/2026 - 08/06/2026,37002,19423.85,Royalty Fee,651000,Royalties,1262.55,0.00,TQSR - Royalty Fee,0,
08/03/2026 - 08/06/2026,37002,19423.85,Royalties Bank Acct Entry,217000,Accrued Royalties,0.00,1262.55,TQSR - Royalties Bank Acct Entry,0,
08/03/2026 - 08/06/2026,37002,19423.85,National Media Fee,560000,Advertising-National,776.95,0.00,TQSR - National Media Fee,0,
08/03/2026 - 08/06/2026,37002,19423.85,National Media Bank Entry,217000,Accrued Royalties,0.00,776.95,TQSR - National Media Bank Entry,0,
08/03/2026 - 08/06/2026,37002,19423.85,Corporate Advertising Fee,560001,Advertising-Production Fund,194.24,0.00,TQSR - Corporate Advertising Fee,0,
08/03/2026 - 08/06/2026,37002,19423.85,Corp Advertising Bank Acct Entry,217000,Accrued Royalties,0.00,194.24,TQSR - Corp Advertising Bank Acct Entry,0,
08/03/2026 - 08/06/2026,37004,10025.14,Royalty Fee,651000,Royalties,651.63,0.00,TQSR - Royalty Fee,0,
08/03/2026 - 08/06/2026,37004,10025.14,Royalties Bank Acct Entry,217000,Accrued Royalties,0.00,651.63,TQSR - Royalties Bank Acct Entry,0,
08/03/2026 - 08/06/2026,37004,10025.14,National Media Fee,560000,Advertising-National,401.01,0.00,TQSR - National Media Fee,0,
08/03/2026 - 08/06/2026,37004,10025.14,National Media Bank Entry,217000,Accrued Royalties,0.00,401.01,TQSR - National Media Bank Entry,0,
08/03/2026 - 08/06/2026,37004,10025.14,Corporate Advertising Fee,560001,Advertising-Production Fund,100.25,0.00,TQSR - Corporate Advertising Fee,0,
08/03/2026 - 08/06/2026,37004,10025.14,Corp Advertising Bank Acct Entry,217000,Accrued Royalties,0.00,100.25,TQSR - Corp Advertising Bank Acct Entry,0,
08/03/2026 - 08/06/2026,37006,17249.85,Royalty Fee,651000,Royalties,1121.24,0.00,TQSR - Royalty Fee,0,
08/03/2026 - 08/06/2026,37006,17249.85,Royalties Bank Acct Entry,217000,Accrued Royalties,0.00,1121.24,TQSR - Royalties Bank Acct Entry,0,
08/03/2026 - 08/06/2026,37006,17249.85,National Media Fee,560000,Advertising-National,689.99,0.00,TQSR - National Media Fee,0,
08/03/2026 - 08/06/2026,37006,17249.85,National Media Bank Entry,217000,Accrued Royalties,0.00,689.99,TQSR - National Media Bank Entry,0,
08/03/2026 - 08/06/2026,37006,17249.85,Corporate Advertising Fee,560001,Advertising-Production Fund,172.50,0.00,TQSR - Corporate Advertising Fee,0,
08/03/2026 - 08/06/2026,37006,17249.85,Corp Advertising Bank Acct Entry,217000,Accrued Royalties,0.00,172.50,TQSR - Corp Advertising Bank Acct Entry,0,
08/03/2026 - 08/06/2026,37007,25192.53,Royalty Fee,651000,Royalties,1637.51,0.00,TQSR - Royalty Fee,0,
08/03/2026 - 08/06/2026,37007,25192.53,Royalties Bank Acct Entry,217000,Accrued Royalties,0.00,1637.51,TQSR - Royalties Bank Acct Entry,0,
08/03/2026 - 08/06/2026,37007,25192.53,National Media Fee,560000,Advertising-National,1007.70,0.00,TQSR - National Media Fee,0,
08/03/2026 - 08/06/2026,37007,25192.53,National Media Bank Entry,217000,Accrued Royalties,0.00,1007.70,TQSR - National Media Bank Entry,0,
08/03/2026 - 08/06/2026,37007,25192.53,Corporate Advertising Fee,560001,Advertising-Production Fund,251.93,0.00,TQSR - Corporate Advertising Fee,0,
08/03/2026 - 08/06/2026,37007,25192.53,Corp Advertising Bank Acct Entry,217000,Accrued Royalties,0.00,251.93,TQSR - Corp Advertising Bank Acct Entry,0,
08/03/2026 - 08/06/2026,37009,16575.71,Royalty Fee,651000,Royalties,1077.42,0.00,TQSR - Royalty Fee,0,
08/03/2026 - 08/06/2026,37009,16575.71,Royalties Bank Acct Entry,217000,Accrued Royalties,0.00,1077.42,TQSR - Royalties Bank Acct Entry,0,
08/03/2026 - 08/06/2026,37009,16575.71,National Media Fee,560000,Advertising-National,663.03,0.00,TQSR - National Media Fee,0,
08/03/2026 - 08/06/2026,37009,16575.71,National Media Bank Entry,217000,Accrued Royalties,0.00,663.03,TQSR - National Media Bank Entry,0,
08/03/2026 - 08/06/2026,37009,16575.71,Corporate Advertising Fee,560001,Advertising-Production Fund,165.76,0.00,TQSR - Corporate Advertising Fee,0,
08/03/2026 - 08/06/2026,37009,16575.71,Corp Advertising Bank Acct Entry,217000,Accrued Royalties,0.00,165.76,TQSR - Corp Advertising Bank Acct Entry,0,
08/03/2026 - 08/06/2026,37010,29883.95,Royalty Fee,651000,Royalties,1942.46,0.00,TQSR - Royalty Fee,0,
08/03/2026 - 08/06/2026,37010,29883.95,Royalties Bank Acct Entry,217000,Accrued Royalties,0.00,1942.46,TQSR - Royalties Bank Acct Entry,0,
08/03/2026 - 08/06/2026,37010,29883.95,National Media Fee,560000,Advertising-National,1195.36,0.00,TQSR - National Media Fee,0,
08/03/2026 - 08/06/2026,37010,29883.95,National Media Bank Entry,217000,Accrued Royalties,0.00,1195.36,TQSR - National Media Bank Entry,0,
08/03/2026 - 08/06/2026,37010,29883.95,Corporate Advertising Fee,560001,Advertising-Production Fund,298.84,0.00,TQSR - Corporate Advertising Fee,0,
08/03/2026 - 08/06/2026,37010,29883.95,Corp Advertising Bank Acct Entry,217000,Accrued Royalties,0.00,298.84,TQSR - Corp Advertising Bank Acct Entry,0,
08/03/2026 - 08/06/2026,37013,14515.89,Royalty Fee,651000,Royalties,943.53,0.00,TQSR - Royalty Fee,0,
08/03/2026 - 08/06/2026,37013,14515.89,Royalties Bank Acct Entry,217000,Accrued Royalties,0.00,943.53,TQSR - Royalties Bank Acct Entry,0,
08/03/2026 - 08/06/2026,37013,14515.89,National Media Fee,560000,Advertising-National,580.64,0.00,TQSR - National Media Fee,0,
08/03/2026 - 08/06/2026,37013,14515.89,National Media Bank Entry,217000,Accrued Royalties,0.00,580.64,TQSR - National Media Bank Entry,0,
08/03/2026 - 08/06/2026,37013,14515.89,Corporate Advertising Fee,560001,Advertising-Production Fund,145.16,0.00,TQSR - Corporate Advertising Fee,0,
08/03/2026 - 08/06/2026,37013,14515.89,Corp Advertising Bank Acct Entry,217000,Accrued Royalties,0.00,145.16,TQSR - Corp Advertising Bank Acct Entry,0,
08/03/2026 - 08/06/2026,37014,15205.65,Royalty Fee,651000,Royalties,988.37,0.00,TQSR - Royalty Fee,0,
08/03/2026 - 08/06/2026,37014,15205.65,Royalties Bank Acct Entry,217000,Accrued Royalties,0.00,988.37,TQSR - Royalties Bank Acct Entry,0,
08/03/2026 - 08/06/2026,37014,15205.65,National Media Fee,560000,Advertising-National,608.23,0.00,TQSR - National Media Fee,0,
08/03/2026 - 08/06/2026,37014,15205.65,National Media Bank Entry,217000,Accrued Royalties,0.00,608.23,TQSR - National Media Bank Entry,0,
08/03/2026 - 08/06/2026,37014,15205.65,Corporate Advertising Fee,560001,Advertising-Production Fund,152.06,0.00,TQSR - Corporate Advertising Fee,0,
08/03/2026 - 08/06/2026,37014,15205.65,Corp Advertising Bank Acct Entry,217000,Accrued Royalties,0.00,152.06,TQSR - Corp Advertising Bank Acct Entry,0,
08/03/2026 - 08/06/2026,37016,15480.85,Royalty Fee,651000,Royalties,1006.26,0.00,TQSR - Royalty Fee,0,
08/03/2026 - 08/06/2026,37016,15480.85,Royalties Bank Acct Entry,217000,Accrued Royalties,0.00,1006.26,TQSR - Royalties Bank Acct Entry,0,
08/03/2026 - 08/06/2026,37016,15480.85,National Media Fee,560000,Advertising-National,619.23,0.00,TQSR - National Media Fee,0,
08/03/2026 - 08/06/2026,37016,15480.85,National Media Bank Entry,217000,Accrued Royalties,0.00,619.23,TQSR - National Media Bank Entry,0,
08/03/2026 - 08/06/2026,37016,15480.85,Corporate Advertising Fee,560001,Advertising-Production Fund,154.81,0.00,TQSR - Corporate Advertising Fee,0,
08/03/2026 - 08/06/2026,37016,15480.85,Corp Advertising Bank Acct Entry,217000,Accrued Royalties,0.00,154.81,TQSR - Corp Advertising Bank Acct Entry,0,
08/03/2026 - 08/06/2026,37020,12341.35,Royalty Fee,651000,Royalties,802.19,0.00,TQSR - Royalty Fee,0,
08/03/2026 - 08/06/2026,37020,12341.35,Royalties Bank Acct Entry,217000,Accrued Royalties,0.00,802.19,TQSR - Royalties Bank Acct Entry,0,
08/03/2026 - 08/06/2026,37020,12341.35,National Media Fee,560000,Advertising-National,493.65,0.00,TQSR - National Media Fee,0,
08/03/2026 - 08/06/2026,37020,12341.35,National Media Bank Entry,217000,Accrued Royalties,0.00,493.65,TQSR - National Media Bank Entry,0,
08/03/2026 - 08/06/2026,37020,12341.35,Corporate Advertising Fee,560001,Advertising-Production Fund,123.41,0.00,TQSR - Corporate Advertising Fee,0,
08/03/2026 - 08/06/2026,37020,12341.35,Corp Advertising Bank Acct Entry,217000,Accrued Royalties,0.00,123.41,TQSR - Corp Advertising Bank Acct Entry,0,
08/03/2026 - 08/06/2026,49001,23381.89,Royalty Fee,651000,Royalties,1519.82,0.00,TQSR - Royalty Fee,0,
08/03/2026 - 08/06/2026,49001,23381.89,Royalties Bank Acct Entry,217000,Accrued Royalties,0.00,1519.82,TQSR - Royalties Bank Acct Entry,0,
08/03/2026 - 08/06/2026,49001,23381.89,National Media Fee,560000,Advertising-National,935.28,0.00,TQSR - National Media Fee,0,
08/03/2026 - 08/06/2026,49001,23381.89,National Media Bank Entry,217000,Accrued Royalties,0.00,935.28,TQSR - National Media Bank Entry,0,
08/03/2026 - 08/06/2026,49001,23381.89,Corporate Advertising Fee,560001,Advertising-Production Fund,233.82,0.00,TQSR - Corporate Advertising Fee,0,
08/03/2026 - 08/06/2026,49001,23381.89,Corp Advertising Bank Acct Entry,217000,Accrued Royalties,0.00,233.82,TQSR - Corp Advertising Bank Acct Entry,0,
08/03/2026 - 08/06/2026,49002,16826.92,Royalty Fee,651000,Royalties,1093.75,0.00,TQSR - Royalty Fee,0,
08/03/2026 - 08/06/2026,49002,16826.92,Royalties Bank Acct Entry,217000,Accrued Royalties,0.00,1093.75,TQSR - Royalties Bank Acct Entry,0,
08/03/2026 - 08/06/2026,49002,16826.92,National Media Fee,560000,Advertising-National,673.08,0.00,TQSR - National Media Fee,0,
08/03/2026 - 08/06/2026,49002,16826.92,National Media Bank Entry,217000,Accrued Royalties,0.00,673.08,TQSR - National Media Bank Entry,0,
08/03/2026 - 08/06/2026,49002,16826.92,Corporate Advertising Fee,560001,Advertising-Production Fund,168.27,0.00,TQSR - Corporate Advertising Fee,0,
08/03/2026 - 08/06/2026,49002,16826.92,Corp Advertising Bank Acct Entry,217000,Accrued Royalties,0.00,168.27,TQSR - Corp Advertising Bank Acct Entry,0,
08/03/2026 - 08/06/2026,49004,18976.93,Royalty Fee,651000,Royalties,1233.50,0.00,TQSR - Royalty Fee,0,
08/03/2026 - 08/06/2026,49004,18976.93,Royalties Bank Acct Entry,217000,Accrued Royalties,0.00,1233.50,TQSR - Royalties Bank Acct Entry,0,
08/03/2026 - 08/06/2026,49004,18976.93,National Media Fee,560000,Advertising-National,759.08,0.00,TQSR - National Media Fee,0,
08/03/2026 - 08/06/2026,49004,18976.93,National Media Bank Entry,217000,Accrued Royalties,0.00,759.08,TQSR - National Media Bank Entry,0,
08/03/2026 - 08/06/2026,49004,18976.93,Corporate Advertising Fee,560001,Advertising-Production Fund,189.77,0.00,TQSR - Corporate Advertising Fee,0,
08/03/2026 - 08/06/2026,49004,18976.93,Corp Advertising Bank Acct Entry,217000,Accrued Royalties,0.00,189.77,TQSR - Corp Advertising Bank Acct Entry,0,
08/03/2026 - 08/06/2026,49005,19167.13,Royalty Fee,651000,Royalties,1245.86,0.00,TQSR - Royalty Fee,0,
08/03/2026 - 08/06/2026,49005,19167.13,Royalties Bank Acct Entry,217000,Accrued Royalties,0.00,1245.86,TQSR - Royalties Bank Acct Entry,0,
08/03/2026 - 08/06/2026,49005,19167.13,National Media Fee,560000,Advertising-National,766.69,0.00,TQSR - National Media Fee,0,
08/03/2026 - 08/06/2026,49005,19167.13,National Media Bank Entry,217000,Accrued Royalties,0.00,766.69,TQSR - National Media Bank Entry,0,
08/03/2026 - 08/06/2026,49005,19167.13,Corporate Advertising Fee,560001,Advertising-Production Fund,191.67,0.00,TQSR - Corporate Advertising Fee,0,
08/03/2026 - 08/06/2026,49005,19167.13,Corp Advertising Bank Acct Entry,217000,Accrued Royalties,0.00,191.67,TQSR - Corp Advertising Bank Acct Entry,0,
08/03/2026 - 08/06/2026,49006,26094.59,Royalty Fee,651000,Royalties,1696.15,0.00,TQSR - Royalty Fee,0,
08/03/2026 - 08/06/2026,49006,26094.59,Royalties Bank Acct Entry,217000,Accrued Royalties,0.00,1696.15,TQSR - Royalties Bank Acct Entry,0,
08/03/2026 - 08/06/2026,49006,26094.59,National Media Fee,560000,Advertising-National,1043.78,0.00,TQSR - National Media Fee,0,
08/03/2026 - 08/06/2026,49006,26094.59,National Media Bank Entry,217000,Accrued Royalties,0.00,1043.78,TQSR - National Media Bank Entry,0,
08/03/2026 - 08/06/2026,49006,26094.59,Corporate Advertising Fee,560001,Advertising-Production Fund,260.95,0.00,TQSR - Corporate Advertising Fee,0,
08/03/2026 - 08/06/2026,49006,26094.59,Corp Advertising Bank Acct Entry,217000,Accrued Royalties,0.00,260.95,TQSR - Corp Advertising Bank Acct Entry,0,
08/03/2026 - 08/06/2026,49007,11713.70,Royalty Fee,651000,Royalties,761.39,0.00,TQSR - Royalty Fee,0,
08/03/2026 - 08/06/2026,49007,11713.70,Royalties Bank Acct Entry,217000,Accrued Royalties,0.00,761.39,TQSR - Royalties Bank Acct Entry,0,
08/03/2026 - 08/06/2026,49007,11713.70,National Media Fee,560000,Advertising-National,468.55,0.00,TQSR - National Media Fee,0,
08/03/2026 - 08/06/2026,49007,11713.70,National Media Bank Entry,217000,Accrued Royalties,0.00,468.55,TQSR - National Media Bank Entry,0,
08/03/2026 - 08/06/2026,49007,11713.70,Corporate Advertising Fee,560001,Advertising-Production Fund,117.14,0.00,TQSR - Corporate Advertising Fee,0,
08/03/2026 - 08/06/2026,49007,11713.70,Corp Advertising Bank Acct Entry,217000,Accrued Royalties,0.00,117.14,TQSR - Corp Advertising Bank Acct Entry,0,
08/03/2026 - 08/06/2026,49008,16544.60,Royalty Fee,651000,Royalties,1075.40,0.00,TQSR - Royalty Fee,0,
08/03/2026 - 08/06/2026,49008,16544.60,Royalties Bank Acct Entry,217000,Accrued Royalties,0.00,1075.40,TQSR - Royalties Bank Acct Entry,0,
08/03/2026 - 08/06/2026,49008,16544.60,National Media Fee,560000,Advertising-National,661.78,0.00,TQSR - National Media Fee,0,
08/03/2026 - 08/06/2026,49008,16544.60,National Media Bank Entry,217000,Accrued Royalties,0.00,661.78,TQSR - National Media Bank Entry,0,
08/03/2026 - 08/06/2026,49008,16544.60,Corporate Advertising Fee,560001,Advertising-Production Fund,165.45,0.00,TQSR - Corporate Advertising Fee,0,
08/03/2026 - 08/06/2026,49008,16544.60,Corp Advertising Bank Acct Entry,217000,Accrued Royalties,0.00,165.45,TQSR - Corp Advertising Bank Acct Entry,0,
08/03/2026 - 08/06/2026,49009,20543.57,Royalty Fee,651000,Royalties,1335.33,0.00,TQSR - Royalty Fee,0,
08/03/2026 - 08/06/2026,49009,20543.57,Royalties Bank Acct Entry,217000,Accrued Royalties,0.00,1335.33,TQSR - Royalties Bank Acct Entry,0,
08/03/2026 - 08/06/2026,49009,20543.57,National Media Fee,560000,Advertising-National,821.74,0.00,TQSR - National Media Fee,0,
08/03/2026 - 08/06/2026,49009,20543.57,National Media Bank Entry,217000,Accrued Royalties,0.00,821.74,TQSR - National Media Bank Entry,0,
08/03/2026 - 08/06/2026,49009,20543.57,Corporate Advertising Fee,560001,Advertising-Production Fund,205.44,0.00,TQSR - Corporate Advertising Fee,0,
08/03/2026 - 08/06/2026,49009,20543.57,Corp Advertising Bank Acct Entry,217000,Accrued Royalties,0.00,205.44,TQSR - Corp Advertising Bank Acct Entry,0,
08/03/2026 - 08/06/2026,49010,15126.50,Royalty Fee,651000,Royalties,983.22,0.00,TQSR - Royalty Fee,0,
08/03/2026 - 08/06/2026,49010,15126.50,Royalties Bank Acct Entry,217000,Accrued Royalties,0.00,983.22,TQSR - Royalties Bank Acct Entry,0,
08/03/2026 - 08/06/2026,49010,15126.50,National Media Fee,560000,Advertising-National,605.06,0.00,TQSR - National Media Fee,0,
08/03/2026 - 08/06/2026,49010,15126.50,National Media Bank Entry,217000,Accrued Royalties,0.00,605.06,TQSR - National Media Bank Entry,0,
08/03/2026 - 08/06/2026,49010,15126.50,Corporate Advertising Fee,560001,Advertising-Production Fund,151.27,0.00,TQSR - Corporate Advertising Fee,0,
08/03/2026 - 08/06/2026,49010,15126.50,Corp Advertising Bank Acct Entry,217000,Accrued Royalties,0.00,151.27,TQSR - Corp Advertising Bank Acct Entry,0,
08/03/2026 - 08/06/2026,49011,22167.96,Royalty Fee,651000,Royalties,1440.92,0.00,TQSR - Royalty Fee,0,
08/03/2026 - 08/06/2026,49011,22167.96,Royalties Bank Acct Entry,217000,Accrued Royalties,0.00,1440.92,TQSR - Royalties Bank Acct Entry,0,
08/03/2026 - 08/06/2026,49011,22167.96,National Media Fee,560000,Advertising-National,886.72,0.00,TQSR - National Media Fee,0,
08/03/2026 - 08/06/2026,49011,22167.96,National Media Bank Entry,217000,Accrued Royalties,0.00,886.72,TQSR - National Media Bank Entry,0,
08/03/2026 - 08/06/2026,49011,22167.96,Corporate Advertising Fee,560001,Advertising-Production Fund,221.68,0.00,TQSR - Corporate Advertising Fee,0,
08/03/2026 - 08/06/2026,49011,22167.96,Corp Advertising Bank Acct Entry,217000,Accrued Royalties,0.00,221.68,TQSR - Corp Advertising Bank Acct Entry,0,
